model_id,comment,head-ear_0,forward,up,side,rot_by_side_axis,scale,back_1,forward,up,side,rot_by_side_axis,scale,pelvis_2,forward,up,side,rot_by_side_axis,scale,face_3,forward,up,side,rot_by_side_axis,scale,head-Å»_4,forward,up,side,rot_by_side_axis,scale,head-¸¶½ºÅ©_5,forward,up,side,rot_by_side_axis,scale,head-¼ÒÇüÅ»_6,forward,up,side,rot_by_side_axis,scale,arm_7,forward,up,side,rot_by_side_axis,scale,face_8(¼ö¿°),forward,up,side,rot_by_side_axis,scale,pelvis_9,forward,up,side,rot_by_side_axis,scale,face_jaw(ÅÎ)_10,forward,up,side,rot_by_side_axis,scale,face_glass(¾È°æ)_11,forward,up,side,rot_by_side_axis,scale,head_non_12,forward,up,side,rot_by_side_axis,scale,head-Snorkelingmask_13,forward,up,side,rot_by_side_axis,scale,head-buffclassface_14,forward,up,side,rot_by_side_axis,scale,head-buffclasscriss_15,forward,up,side,rot_by_side_axis,scale
1,urban,Bip01 Head,1,0.5,0,0,1.2,Bip01 Spine2,0,0,0,0,1,Bip01 Pelvis,0,0,0,0,1,Bip01 Head,-0.7,-0.8,0,-0.05,1,Bip01 Head,-0.1,-0.75,0,0.1,1,Bip01 Head,-0.38,-1,0,0,1,Bip01 Head,-2.1,0,0,-0.26,1,Bip01 L UpperArm,0.15,-0.2,0.4,0.01,1,Bip01 Head,-0.7,-0.8,0,-0.05,1,Bip01 Pelvis,1.6,0,-2,0,1,Bip01 Head,-0.7,-0.8,0,-0.05,1,Bip01 Head,-0.3,-0.8,0,-0.05,1,Bip01 Head,-0.7,-0.8,0,-0.05,1,Bip01 Head,1,0.5,0,0,1.2,Bip01 Head,-0.7,0.5,0,0,1.2,Bip01 Head,-1.5,-1,0,0,1.1
2,terror,Bip01 Head,1,0.5,0,0,1.2,Bip01 Spine2,0,0,0,0,1,Bip01 Pelvis,0,0,0,0,1,Bip01 Head,0.3,0.2,0,0.025,1,Bip01 Head,-0.235,-0.15,0,-0.1,1,Bip01 Head,-0.2,0.3,0,0,1,Bip01 Head,-0.235,-0.15,0,-0.1,1,Bip01 L UpperArm,0.15,-0.2,0.4,0.01,1.08,Bip01 Head,0,0.5,0,0.025,1,Bip01 Pelvis,-3.5,0,-1.5,0,1,Bip01 Head,0,0.5,0,0.025,1,Bip01 Head,0.3,0.2,0,0.025,1,Bip01 Head,0,0.5,0,0.025,1,Bip01 Head,1,0.5,0,0,1.2,Bip01 Head,0.4,1.5,0,0,1.2,Bip01 Head,-2,0,0,0,1.1
3,leet,Bip01 Head,1,0.5,0,0,1.2,Bip01 Spine2,0,0,0,0,1,Bip01 Pelvis,0,0,0,0,1,Bip01 Head,0.5,-0.4,0,-0.04,1,Bip01 Head,0.225,-1.15,0,-0.1,4,Bip01 Head,0.2,-0.5,0,0,1,Bip01 Head,-1.2,-0.9,0,-0.35,1,Bip01 L UpperArm,0.15,-0.2,0.4,0.01,1,Bip01 Head,0.3,-0.6,0,-0.04,1,Bip01 Pelvis,-1,0,-1.5,0,1,Bip01 Head,0.3,-0.6,0,-0.04,1,Bip01 Head,0.3,-0.5,0.1,-0.04,1,Bip01 Head,0.7,-0.6,0,-0.04,1,Bip01 Head,3,0,0,0,1.2,Bip01 Head,1.7,0,0,0,1.2,Bip01 Head,0,-2,0,0,1.1
4,arctic,Bip01 Head,1,0.5,0,0,1.2,Bip01 Spine2,0,0,0,0,1,Bip01 Pelvis,0,0,0,0,1,Bip01 Head,-0.2,-0.8,0,-0.04,1,Bip01 Head,-0.48,-0.25,0,-0.1,1,Bip01 Head,0.1,-0.9,0,0,1,Bip01 Head,-0.48,-0.15,0,-0.1,1,Bip01 L UpperArm,0.15,-0.2,0.4,0.01,1.04,Bip01 Head,0,-0.3,0,-0.04,1,Bip01 Pelvis,1.6,0,-2,0,1,Bip01 Head,0,-0.3,0,-0.04,1,Bip01 Head,-0.2,0.3,0.1,0,1,Bip01 Head,0,-0.3,0,-0.04,1,Bip01 Head,1.5,0.5,0,0,1.2,Bip01 Head,0.4,0.5,0,0,1.2,Bip01 Head,-2,-1,0,0,1.1
5,gsg9,Bip01 Head,0,0,0,0,1,Bip01 Spine2,-0.5,0,0,0,1,Bip01 Pelvis,0,0,0,0,1,Bip01 Head,-1.2,-1.6,0,-0.1,1,Bip01 Head,0.15,-0.68,0,0.1,1,Bip01 Head,-0.1,-0.5,0,0,1,Bip01 Head,-2.1,0,0,-0.287,1,Bip01 L UpperArm,-0.1,0.2,0.3,0.01,1.03,Bip01 Head,-0.9,-1.3,0,0,1,Bip01 Pelvis,1.6,0,-2,0,1,Bip01 Head,-0.9,-1.3,0,0,1,Bip01 Head,0,-0.5,-0.15,0,1,Bip01 Head,0.2,-1,0,0,1,Bip01 Head,2,0,0,0,1,Bip01 Head,-0.4,0.3,0,0,1,Bip01 Head,-2,-1,0,0,1.1
6,gign,Bip01 Head,0,0.5,0,0,1,Bip01 Spine2,-1,0,0,0,1,Bip01 Pelvis,0,0,0,0,1,Bip01 Head,-1.25,-0.6,0,-0.05,1,Bip01 Head,-0.185,-0.4,0,0.1,1,Bip01 Head,-1,-0.2,0,0,1,Bip01 Head,-1.88,0,0,-0.26,1,Bip01 L UpperArm,-0.2,-0.4,0.3,0.01,1,Bip01 Head,-1.1,0.25,0,0,1,Bip01 Pelvis,1.6,0,-2,0,1,Bip01 Head,-1.1,0.25,0,0,1,Bip01 Head,0,0.1,0,0,1,Bip01 Head,0,0.25,0,0,1,Bip01 Head,2,0.5,0,0,1,Bip01 Head,1.5,2.3,0,0,1,Bip01 Head,-1.5,-1,0,0,1.1
7,sas,Bip01 Head,0,0,0,0,1,Bip01 Spine2,-1,0,0,0,1,Bip01 Pelvis,0,0,0,0,1,Bip01 Head,0.6,-2,0,0.08,1,Bip01 Head,0,-0.3,0,0.1,5,Bip01 Head,1,-1.7,-0.1,0.19,1,Bip01 Head,-3.35,-0.275,0,-0.45,1,Bip01 L UpperArm,0.3,0,0.7,0.01,1,Bip01 Head,0.6,-2,0,0.08,1,Bip01 Pelvis,1.6,0,-2,0,1,Bip01 Head,0.6,-2,0,0.08,1,Bip01 Head,0.6,-0.5,-0.15,0.08,1,Bip01 Head,0.4,1.5,0,0.08,1,Bip01 Head,0,0,0,0,1,Bip01 Head,0.9,-0.5,0,0,1,Bip01 Head,-3,-1,0,0,1.1
8,guerilla,Bip01 Head,1,0,0,0,1.3,Bip01 Spine2,0,0,0,0,1,Bip01 Pelvis,0,0,0,0,1,Bip01 Head,0.15,-0.8,0,-0.1,1,Bip01 Head,0.815,-0.5,0,0.1,1,Bip01 Head,0.2,-0.2,0,-0.1,1,Bip01 Head,-0.235,-0.15,0,-0.25,1,Bip01 L UpperArm,0.15,-0.2,0.4,0.01,1,Bip01 Head,0.15,0.5,0,-0.1,1,Bip01 Pelvis,1.6,0,-2,0,1,Bip01 Head,0.15,0.5,0,-0.1,1,Bip01 Head,0,0.2,0,-0.1,1,Bip01 Head,0.15,0.5,0,-0.1,1,Bip01 Head,1.5,0,0,0,1.3,Bip01 Head,1.5,0,0,0,1.3,Bip01 Head,0,-2,0,0,1.3
9,vip,Bip01 Head,0,-1.5,0,0,1,Bip01 Spine2,0,0,0,0,1,Bip01 Pelvis,0,0,0,0,1,Bip01 Head,0.2,-1,0,-0.025,1,Bip01 Head,-0.235,-0.15,0,-0.1,1,Bip01 Head,-0.1,-0.5,0,0,1,Bip01 Head,-0.235,-0.15,0,-0.1,1,Bip01 L UpperArm,0.15,-0.2,0.4,0.01,1,Bip01 Head,0.2,-1,0,-0.025,1,Bip01 Pelvis,1.6,0,-2,0,1,Bip01 Head,0.2,-1,0,-0.025,1,Bip01 Head,0.2,-1,0,-0.025,1,Bip01 Head,0.2,-1,0,-0.025,1,Bip01 Head,0,-1.5,0,0,1,Bip01 Head,0,-1.5,0,0,1,Bip01 Head,0,-1.5,0,0,1
10,militia,Bip01 Head,0,-1,0,0,1,Bip01 Spine2,0,0,0,0,1,Bip01 Pelvis,0,0,0,0,1,Bip01 Head,0.15,-1.5,0,0.01,1,Bip01 Head,-0.235,-0.15,0,-0.1,1,Bip01 Head,-0.5,-1.3,0,0,1,Bip01 Head,-0.235,-0.15,0,-0.1,1,Bip01 L UpperArm,0,-0.2,0,0.01,1,Bip01 Head,-0.6,-0.8,0,0,1,Bip01 Pelvis,1.6,0,-2,0,1,Bip01 Head,-0.6,-0.8,0,0,1,Bip01 Head,0.15,-0.8,0,0,1,Bip01 Head,-0.6,-0.8,0,0,1,Bip01 Head,2,-1,0,0,1,Bip01 Head,0,0,0,0,1,Bip01 Head,-1.5,-2,0,0,1.3
11,spetsnaz,Bip01 Head,0,0,0,0,1,Bip01 Spine2,0,0,0,0,1,Bip01 Pelvis,0,0,0,0,1,Bip01 Head,-0.2,-1.7,0,0,1,Bip01 Head,0.7,-1.05,0,0.1,1,Bip01 Head,0,-1.7,-0.1,0,1,Bip01 Head,-1.985,-0.25,0,-0.287,1,Bip01 L UpperArm,0.3,0,0.2,0.01,1,Bip01 Head,-0.2,-1.5,0,0,1,Bip01 Pelvis,1.6,0,-2,0,1,Bip01 Head,-0.2,-1.5,0,0,1,Bip01 Head,0.35,-1.35,0,0,1,Bip01 Head,-0.2,-1.5,0,0,1,Bip01 Head,2,0,0,0,1,Bip01 Head,0.1,0.3,0,0,1,Bip01 Head,-1.8,-1,0,0,1.1
12,707,Bip01 Head,0,0,0,0,1,Bip01 Spine2,0,0,0,0,1,Bip01 Pelvis,0,0,0,0,1,Bip01 Head,-1,-0.4,0,-0.15,1,Bip01 Head,-0.9,-0.825,0,-0.05,1,Bip01 Head,-1.2,-0.9,0,-0.12,1,Bip01 Head,-2.05,0,0,-0.26,1,Bip01 L UpperArm,0,0,0.4,0.01,1.02,Bip01 Head,-1,-0.4,0,-0.15,1,Bip01 Pelvis,1.6,0,-2,0,1,Bip01 Head,-1,-0.4,0,-0.15,1,Bip01 Head,-1,0.2,0,-0.15,1,Bip01 Head,-1,-0.4,0,-0.15,1,Bip01 Head,0,0,0,0,1,Bip01 Head,0,0,0,0,1,Bip01 Head,-2,-1,0,0,1.1
13,sozo,Bip01 Head,0,0,0,0,1,Bip01 Spine2,0,0,0,0,1,Bip01 Pelvis,0,0,0,0,1,Bip01 Head,-0.73,-0.8,0,-0.05,1,Bip01 Head,-0.9,-0.825,0,-0.05,1,Bip01 Head,0,-0.3,0,0,1,Bip01 Head,-2.05,0,0,-0.26,1,Bip01 L UpperArm,0.15,0,0.8,0.01,1.05,Bip01 Head,-0.73,-0.8,0,-0.05,1,Bip01 Pelvis,1.6,0,-2,0,1,Bip01 Head,-0.73,-0.8,0,-0.05,1,Bip01 Head,-0.3,-0.8,0,-0.05,1,Bip01 Head,-0.73,-0.8,0,-0.05,1,Bip01 Head,0,0,0,0,1,Bip01 Head,-0.7,0.5,0,0,1,Bip01 Head,-2,-1,0,0,1.1
14,magui,Bip01 Head,0,0,0,0,1,Bip01 Spine2,0,0,0,0,1,Bip01 Pelvis,0,0,0,0,1,Bip01 Head,-0.9,-0.5,0,-0.05,1,Bip01 Head,-0.9,-0.825,0,-0.05,1,Bip01 Head,-0.6,-0.2,0,-0.05,1,Bip01 Head,-2.05,0,0,-0.26,1,Bip01 L UpperArm,0,0,0.4,0.01,1.02,Bip01 Head,-0.9,-0.5,0,-0.05,1,Bip01 Pelvis,1.6,0,-2,0,1,Bip01 Head,-0.9,-0.5,0,-0.05,1,Bip01 Head,-0.63,-0.5,0,-0.05,1,Bip01 Head,-0.9,-0.5,0,-0.05,1,Bip01 Head,1,0,0,0,1,Bip01 Head,1,0,0,0,1,Bip01 Head,-1.5,-1,0,0,1.2
15,sdefence,Bip01 Head,0,0,0,0,1,Bip01 Spine2,0,0,0,0,1,Bip01 Pelvis,0,0,0,0,1,Bip01 Head,-1.2,-0.8,0,-0.05,1,Bip01 Head,-0.9,-0.825,0,-0.05,1,Bip01 Head,-1,0,0,-0.1,1,Bip01 Head,-2.25,0,0,-0.287,1,Bip01 L UpperArm,0.1,0,0.4,0.01,1.02,Bip01 Head,-1.2,-0.8,0,-0.05,1,Bip01 Pelvis,1.6,0,-2,0,1,Bip01 Head,-1.2,-0.8,0,-0.05,1,Bip01 Head,-0.25,-0.6,0,-0.05,1,Bip01 Head,-0.6,-0.4,0,-0.05,1,Bip01 Head,0,0,0,0,1,Bip01 Head,0,0,0,0,1,Bip01 Head,-2,-1,0,0,1.1
16,rb,Bip01 Head,0,0,0,0,1,Bip01 Spine2,0,0,0,0,1,Bip01 Pelvis,0,0,0,0,1,Bip01 Head,-0.2,-0.8,0,-0.04,1,Bip01 Head,-0.7,0.3,0,-0.3,1,Bip01 Head,-0.3,-0.2,0,-0.1,1,Bip01 Head,-0.55,-0.15,0,-0.1,1,Bip01 L UpperArm,0.1,0,0.4,0.01,1,Bip01 Head,-0.35,-0.4,0.4,0,1,Bip01 Pelvis,1.6,0,-2,0,1,Bip01 Head,-0.35,-0.4,0.4,0,1,Bip01 Head,-0.2,0,0.2,-0.04,1,Bip01 Head,-0.25,0,0.4,0,1,Bip01 Head,2,0,0,0,1,Bip01 Head,2,0,0,0,1,Bip01 Head,-1,-1,0,0,1
17,ira,Bip01 Head,1,0.5,0,0,1.2,Bip01 Spine2,0,0,0,0,1,Bip01 Pelvis,0,0,0,0,1,Bip01 Head,-0.2,0.5,0,-0.04,1,Bip01 Head,-0.235,-0.15,0,-0.1,1,Bip01 Head,-0.5,1,0,-0.1,1,Bip01 Head,-0.235,-0.15,0,-0.1,1,Bip01 L UpperArm,0.15,-0.2,0.4,0.01,1,Bip01 Head,-0.2,0.5,0,-0.04,1,Bip01 Pelvis,1.6,0,-2,0,1,Bip01 Head,-0.2,0.5,0,-0.04,1,Bip01 Head,-0.2,0.5,-0.2,-0.04,1,Bip01 Head,-0.2,0.5,0,-0.04,1,Bip01 Head,1,0.5,0,0,1.2,Bip01 Head,1,0.5,0,0,1.2,Bip01 Head,-1.5,-1,0,0,1.2
18,eta,Bip01 Head,1,0.5,0,0,1.2,Bip01 Spine2,0,0,0,0,1,Bip01 Pelvis,0,0,0,0,1,Bip01 Head,0.3,0.2,0,0.025,1,Bip01 Head,-0.235,-0.05,0,-0.1,1,Bip01 Head,0,0.5,0,0,1,Bip01 Head,-0.235,-0.15,0,-0.1,1,Bip01 L UpperArm,0.12,-0.4,0.2,0.01,1.05,Bip01 Head,0.3,0.2,0,0.025,1,Bip01 Pelvis,1.6,0,-2,0,1,Bip01 Head,0.3,0.2,0,0.025,1,Bip01 Head,0.3,0.2,0,0.025,1,Bip01 Head,0.3,0.2,0,0.025,1,Bip01 Head,1,0.5,0,0,1.2,Bip01 Head,1,0.5,0,0,1.2,Bip01 Head,-1.5,-1,0,0,1.2
19,jra,Bip01 Head,0,0,0,0,1,Bip01 Spine2,0,0,0,0,1,Bip01 Pelvis,0,0,0,0,1,Bip01 Head,0.1,-0.8,0,0.005,1,Bip01 Head,-0.235,-0.3,0,-0.1,1,Bip01 Head,-0.4,-0.8,0,0,1,Bip01 Head,-0.235,-0.15,0,-0.1,1,Bip01 L UpperArm,0.35,-0.3,0.1,0.04,1,Bip01 Head,0.1,-0.5,0,0.005,1,Bip01 Pelvis,1.6,0,-2,0,1,Bip01 Head,0.1,-0.5,0,0.005,1,Bip01 Head,0.1,0.2,0,0.005,1,Bip01 Head,0.1,-0.5,0,0.005,1,Bip01 Head,1,0,0,0,1,Bip01 Head,1,0,0,0,1,Bip01 Head,-1.5,-1,0,0,1.2
20,criss,Bip01 Head,2,-2,0,0,1,Bip01 Spine2,2,-4,0,0,1,Bip01 Pelvis,0,0,0,0,1,Bip01 Head,-1.2,-1,0,-0.2,1,Bip01 Head,-0.235,-0.9,0,-0.1,1,Bip01 Head,-1.2,-0.8,0,-0.2,1,Bip01 Head,-0.235,-0.9,0,-0.1,1,Bip01 L UpperArm,0.4,-0.4,0.2,0.01,0.7,Bip01 Head,-1.2,-1,0,-0.2,1,Bip01 Pelvis,1.6,0,-2,0,1,Bip01 Head,-1.2,-1,0,-0.2,1,Bip01 Head,-1.2,-1.1,0,-0.2,1,Bip01 Head,-1.2,-1,0,-0.2,1,Bip01 Head,2,-2,0,0,1,Bip01 Head,1,-1.6,0,0,1,Bip01 Head,-1,-3,0,-0.05,1
21,natasha,Bip01 Head,2,-2,0,0,1,Bip01 Spine2,2,-4,0,0,1,Bip01 Pelvis,0,0,0,0,1,Bip01 Head,-1.4,-0.8,0,-0.3,1,Bip01 Head,-0.2,-1,0,-0.1,1,Bip01 Head,-1.1,-0.9,0,-0.2,1,Bip01 Head,-0.235,-0.9,0,-0.1,1,Bip01 L UpperArm,-0.1,-0.4,-0.2,0.01,0.7,Bip01 Head,-1.4,-0.8,0,-0.3,1,Bip01 Pelvis,1.6,0,-2,0,1,Bip01 Head,-1.4,-0.8,0,-0.3,1,Bip01 Head,-1.4,-0.9,0,-0.3,1,Bip01 Head,-1.4,-0.8,0,-0.3,1,Bip01 Head,2.5,-2,0,0,1,Bip01 Head,2.5,-2,0,0,1,Bip01 Head,-0.5,-3,0,-0.05,1
22,choijiyoon,Bip01 Head,1,-2,0,0,1,Bip01 Spine2,2,-4,0,0,1,Bip01 Pelvis,0,0,0,0,1,Bip01 Head,-1.7,-1,0,-0.3,1,Bip01 Head,-0.235,-0.9,0,-0.1,1,Bip01 Head,-1.2,-0.9,0,-0.2,1,Bip01 Head,-0.235,-0.9,0,-0.1,1,Bip01 L UpperArm,0.2,-0.4,-0.2,0.01,0.68,Bip01 Head,-1.6,-0.7,0,-0.3,1,Bip01 Pelvis,1.6,0,-2,0,1,Bip01 Head,-1.6,-0.7,0,-0.3,1,Bip01 Head,-1.7,-1,0,-0.3,1,Bip01 Head,-1.6,-0.7,0,-0.3,1,Bip01 Head,1.5,-2,0,0,1,Bip01 Head,1.2,-2,0,0,1,Bip01 Head,-0.5,-3,0,-0.05,1
23,jennifer,Bip01 Head,2,-2,0,0,1,Bip01 Spine2,2,-4,0,0,1,Bip01 Pelvis,0,0,0,0,1,Bip01 Head,-1.3,-1.3,0,-0.3,1,Bip01 Head,-0.11,-0.9,0,-0.1,1,Bip01 Head,-1.4,-0.8,0,-0.3,1,Bip01 Head,-0.235,-0.9,0,-0.1,1,Bip01 L UpperArm,0.2,-0.4,-0.4,0.01,0.8,Bip01 Head,-0.5,-1.6,0,-0.1,1,Bip01 Pelvis,1.6,0,-2,0,1,Bip01 Head,-0.5,-1.6,0,-0.1,1,Bip01 Head,-1.3,-1,0,-0.3,1,Bip01 Head,-0.5,-1.6,0,-0.1,1,Bip01 Head,2,-2,0,0,1,Bip01 Head,1.1,-2,0,0,1,Bip01 Head,-1,-3,0,-0.05,1
24,ritsuka,Bip01 Head,2,-2,0,0,1,Bip01 Spine2,2,-4,0,0,1,Bip01 Pelvis,0,0,0,0,1,Bip01 Head,-1.4,-0.8,0,-0.3,1,Bip01 Head,-0.225,-0.9,0,-0.1,1,Bip01 Head,-1.4,-0.8,0,-0.3,1,Bip01 Head,-0.235,-0.9,0,-0.1,1,Bip01 L UpperArm,0.3,-0.4,0,0.01,0.65,Bip01 Head,-1.2,-0.6,0,-0.3,1,Bip01 Pelvis,1.6,0,-2,0,1,Bip01 Head,-1.2,-0.6,0,-0.3,1,Bip01 Head,-1.4,-1,0,-0.3,1,Bip01 Head,-1.2,-0.6,0,-0.3,1,Bip01 Head,2,-2,0,0,1,Bip01 Head,1.4,-2,0,0,1,Bip01 Head,-1,-3,0,-0.04,1
25,yuri,Bip01 Head,2,-2.5,0,-0.05,1,Bip01 Spine2,2,-4,0,0,1,Bip01 Pelvis,0,0,0,0,1,Bip01 Head,-2.2,-0.5,0,-0.43,1,Bip01 Head,-0.235,-0.9,0,-0.1,1,Bip01 Head,-1.5,-0.5,0,-0.3,1,Bip01 Head,-0.235,-0.9,0,-0.1,1,Bip01 L UpperArm,0.2,-0.4,0,0.01,0.65,Bip01 Head,-2,-0.05,0,-0.43,1,Bip01 Pelvis,1.6,0,-2,0,1,Bip01 Head,-2,-0.05,0,-0.43,1,Bip01 Head,-2.2,-0.5,0,-0.43,1,Bip01 Head,-2,-0.05,0,-0.43,1,Bip01 Head,2,-2.5,0,-0.05,1,Bip01 Head,1,-1.6,0,-0.05,1,Bip01 Head,-0.5,-4,0,-0.1,1
26,gerrard,Bip01 Head,0,0,0,0,1,Bip01 Spine2,0,0,0,0,1,Bip01 Pelvis,0,0,0,0,1,Bip01 Head,-1.5,0,0,-0.1,1,Bip01 Head,-0.235,-0.15,0,-0.075,1,Bip01 Head,-1.8,-0.1,0,-0.1,1,Bip01 Head,-0.235,-0.15,0,-0.1,1,Bip01 L UpperArm,0.15,-0.5,0.2,0.01,1.02,Bip01 Head,-1.5,0,0,-0.1,1,Bip01 Pelvis,1.6,0,-2,0,1,Bip01 Head,-1.5,0,0,-0.1,1,Bip01 Head,-1.5,0,0,-0.1,1,Bip01 Head,-1.5,0,0,-0.1,1,Bip01 Head,0,0,0,0,1,Bip01 Head,-1,0.5,0,0,1,Bip01 Head,-2,-1,0,0,1.2
27,davidblack,Bip01 Head,0,0,0,0,1,Bip01 Spine2,0,0,0,0,1,Bip01 Pelvis,0,0,0,0,1,Bip01 Head,-1.7,0,0,-0.1,1,Bip01 Head,-0.335,-0.05,0,-0.075,1,Bip01 Head,-1.5,-0.4,0,0,1,Bip01 Head,-0.235,-0.15,0,-0.1,1,Bip01 L UpperArm,0,-0.2,0,0.01,1,Bip01 Head,-1.7,0.35,0,-0.1,1,Bip01 Pelvis,1.6,0,-2,0,1,Bip01 Head,-1.7,0.35,0,-0.1,1,Bip01 Head,-1.7,0,0,-0.1,1,Bip01 Head,-1.7,0.35,0,-0.1,1,Bip01 Head,0,0,0,0,1,Bip01 Head,-1,1,0,0,1,Bip01 Head,-2,-1.3,0,0,1
28,sccjy,Bip01 Head,1,-2,0,0,1,Bip01 Spine2,2,-4,0,0,1,Bip01 Pelvis,0,0,0,0,1,Bip01 Head,-1.2,-1.2,0,-0.3,1,Bip01 Head,-0.235,-0.9,0,-0.1,1,Bip01 Head,-1.3,-0.9,0,-0.2,1,Bip01 Head,-0.235,-0.9,0,-0.1,1,Bip01 L UpperArm,0.15,-0.1,0.25,0.01,0.65,Bip01 Head,-1.7,-0.8,0,-0.3,1,Bip01 Pelvis,1.6,0,-2,0,1,Bip01 Head,-1.7,-0.8,0,-0.3,1,Bip01 Head,-1.7,-1.2,0,-0.3,1,Bip01 Head,-1.7,-0.8,0,-0.3,1,Bip01 Head,1,-2,0,0,1,Bip01 Head,1,-2,0,0,1,Bip01 Head,-2,-3,0,0,1
29,scjra,Bip01 Head,0,0,0,0,1,Bip01 Spine2,0,0,0,0,1,Bip01 Pelvis,0,0,0,0,1,Bip01 Head,-0.2,-0.8,0,0.005,1,Bip01 Head,-0.235,-0.3,0,-0.1,1,Bip01 Head,-1,-1.1,0,0,1,Bip01 Head,-0.235,-0.15,0,-0.1,1,Bip01 L UpperArm,0.7,0,0.3,0.01,1.05,Bip01 Head,-0.2,-0.8,0,0.005,1,Bip01 Pelvis,1.6,0,-2,0,1,Bip01 Head,-0.2,-0.8,0,0.005,1,Bip01 Head,-0.4,0,0,0.005,1,Bip01 Head,-0.2,-0.8,0,0.005,1,Bip01 Head,1,0,0,0,1,Bip01 Head,1,0,0,0,1,Bip01 Head,-1,-1.7,0,0,1
30,scvip,Bip01 Head,1,0.5,0,0,1,Bip01 Spine2,0,0,0,0,1,Bip01 Pelvis,0,0,0,0,1,Bip01 Head,-0.2,0.2,0,0,1,Bip01 Head,-0.235,-0.25,0,-0.1,1,Bip01 Head,-0.5,0.5,0,-0.1,1,Bip01 Head,-0.235,-0.25,0,-0.1,1,Bip01 L UpperArm,0.1,0,0.2,0.01,1.05,Bip01 Head,-0.2,0.5,0,0,1,Bip01 Pelvis,1.6,0,-2,0,1,Bip01 Head,-0.2,0.5,0,0,1,Bip01 Head,-0.2,0.2,0,0,1,Bip01 Head,-0.2,0.5,0,0,1,Bip01 Head,1,2,0,0,1,Bip01 Head,1,2,0,0,1,Bip01 Head,-1.8,-1.3,0,0,1
31,scyuri,Bip01 Head,2,-2.5,0,-0.05,1,Bip01 Spine2,2,-4,0,0,1,Bip01 Pelvis,0,0,0,0,1,Bip01 Head,-1.73,-0.8,0,-0.4,1,Bip01 Head,-0.235,-0.9,0,-0.1,1,Bip01 Head,-1.5,-0.5,0,-0.3,1,Bip01 Head,-0.235,-0.9,0,-0.1,1,Bip01 L UpperArm,0.3,-0.4,0.4,0.01,0.64,Bip01 Head,-1.5,0.1,0,-0.4,1,Bip01 Pelvis,1.6,0,-2,0,1,Bip01 Head,-1.5,0.1,0,-0.4,1,Bip01 Head,-1.73,0.2,0,-0.4,1,Bip01 Head,-1.5,0.1,0,-0.4,1,Bip01 Head,2,-2.5,0,-0.05,1,Bip01 Head,2,-2.5,0,-0.05,1,Bip01 Head,-1,-3,0,-0.05,1
32,jpngirl01,Bip01 Head,2,-1.5,0,0,1,Bip01 Spine2,2,-4,0,0,1,Bip01 Pelvis,0,0,0,0,1,Bip01 Head,-1.5,-1,0,-0.3,1,Bip01 Head,-0.235,-0.9,0,-0.1,1,Bip01 Head,-1.3,-0.8,0,-0.3,1,Bip01 Head,-0.235,-0.9,0,-0.1,1,Bip01 L UpperArm,0.2,1,0,0.01,0.7,Bip01 Head,-1.5,-0.8,0,-0.3,1,Bip01 Pelvis,1.6,0,-2,0,1,Bip01 Head,-1.5,-0.8,0,-0.3,1,Bip01 Head,-1.5,-1,0,-0.3,1,Bip01 Head,-1.5,-0.8,0,-0.3,1,Bip01 Head,2,-1.5,0,0,1,Bip01 Head,2,-1.5,0,0,1,Bip01 Head,-0.5,-3,0,-0.05,1
33,chngirl01,Bip01 Head,2,-2,0,0,1,Bip01 Spine2,2,-4,0,0,1,Bip01 Pelvis,0,0,0,0,1,Bip01 Head,-0.73,-0.75,0,-0.25,1,Bip01 Head,0.315,-0.9,0,-0.1,1,Bip01 Head,-0.8,-0.5,0,-0.3,1,Bip01 Head,-0.235,-0.9,0,-0.1,1,Bip01 L UpperArm,0.2,-0.1,0.25,0.01,0.65,Bip01 Head,-0.73,-0.7,0,-0.25,1,Bip01 Pelvis,1.6,0,-2,0,1,Bip01 Head,-0.73,-0.7,0,-0.25,1,Bip01 Head,-0.73,-0.75,0,-0.25,1,Bip01 Head,-0.73,-0.7,0,-0.25,1,Bip01 Head,2,-2,0,0,1,Bip01 Head,2,-2,0,0,1,Bip01 Head,-1,-3,0,-0.05,1
34,saf,Bip01 Head,0,0,0,0,1,Bip01 Spine2,0,0,0,0,1,Bip01 Pelvis,0,-2.5,-1,0,1,Bip01 Head,-1.2,-0.5,0,0,1,Bip01 Head,-1.1,-0.25,0,-0.05,1,Bip01 Head,-1.6,-0.5,0,-0.1,1,Bip01 Head,-1.74,-0.25,0,-0.075,1,Bip01 L UpperArm,0.6,-0.5,0.5,0.01,1.08,Bip01 Head,-1.2,-0.3,0,0,1,Bip01 Pelvis,1.6,-2.5,-2,0,1,Bip01 Head,-1.2,-0.3,0,0,1,Bip01 Head,-1.2,-0.5,0,0,1,Bip01 Head,0,0.7,0,0,1,Bip01 Head,0,0,0,0,1,Bip01 Head,0,0,0,0,1,Bip01 Head,-2,-1,0,0,1.1
35,ma_rifle_red,Bip01 Head,-1,-1.5,0,0,1,Bip01 Spine2,-2,0,0,0,1,Bip01 Pelvis,0,0,0,0,1,Bip01 Head,-1.5,-0.5,0,-0.05,1,Bip01 Head,-0.235,-0.15,0,-0.1,1,Bip01 Head,-1.2,-0.5,0,0,1,Bip01 Head,-0.235,-0.15,0,-0.1,1,Bip01 L UpperArm,0,0,0,0,1,Bip01 Head,-1.5,-0.5,0,-0.05,1,Bip01 Pelvis,1.6,0,-2,0,1,Bip01 Head,-1.5,-0.5,0,-0.05,1,Bip01 Head,-1.5,-0.5,0,-0.05,1,Bip01 Head,-1.5,-0.5,0,-0.05,1,Bip01 Head,-1,-1.5,0,0,1,Bip01 Head,-1,-1.5,0,0,1,Bip01 Head,-0.5,-1.5,0,0,1
36,ma_rifle_blue,Bip01 Head,-1,-1.5,0,0,1,Bip01 Spine2,-2,0,0,0,1,Bip01 Pelvis,0,0,0,0,1,Bip01 Head,-1.5,-0.5,0,-0.05,1,Bip01 Head,-0.235,-0.15,0,-0.1,1,Bip01 Head,-1.2,-0.5,0,0,1,Bip01 Head,-0.235,-0.15,0,-0.1,1,Bip01 L UpperArm,0,0,0,0,1,Bip01 Head,-1.5,-0.5,0,-0.05,1,Bip01 Pelvis,1.6,0,-2,0,1,Bip01 Head,-1.5,-0.5,0,-0.05,1,Bip01 Head,-1.5,-0.5,0,-0.05,1,Bip01 Head,-1.5,-0.5,0,-0.05,1,Bip01 Head,-1,-1.5,0,0,1,Bip01 Head,-1,-1.5,0,0,1,Bip01 Head,-0.5,-1.5,0,0,1
37,ma_tanker_red,Bip01 Head,0,-2.5,0,0,1,Bip01 Spine2,-2,-1,0,0,1,Bip01 Pelvis,0,0,0,0,1,Bip01 Head,1.4,-2.5,0,0.15,1,Bip01 Head,-0.235,-0.15,0,-0.1,1,Bip01 Head,0.3,-2,0,0,1,Bip01 Head,-0.235,-0.15,0,-0.1,1,Bip01 L UpperArm,0,0,0,0,1,Bip01 Head,1.4,-2.5,0,0.15,1,Bip01 Pelvis,1.6,0,-2,0,1,Bip01 Head,1.4,-2.5,0,0.15,1,Bip01 Head,1.4,-2.5,0,0.15,1,Bip01 Head,1.4,-2.5,0,0.15,1,Bip01 Head,0,-2.5,0,0,1,Bip01 Head,0,-2.5,0,0,1,Bip01 Head,0,-2.5,0,0,1
38,ma_tanker_blue,Bip01 Head,0,-2.5,0,0,1,Bip01 Spine2,-2,-1,0,0,1,Bip01 Pelvis,0,0,0,0,1,Bip01 Head,1.4,-2.5,0,0.15,1,Bip01 Head,-0.235,-0.15,0,-0.1,1,Bip01 Head,0.5,-1,0,-0.1,1,Bip01 Head,-0.235,-0.15,0,-0.1,1,Bip01 L UpperArm,0,0,0,0,1,Bip01 Head,1.4,-2.5,0,0.15,1,Bip01 Pelvis,1.6,0,-2,0,1,Bip01 Head,1.4,-2.5,0,0.15,1,Bip01 Head,1.4,-2.5,0,0.15,1,Bip01 Head,1.4,-2.5,0,0.15,1,Bip01 Head,0,-2.5,0,0,1,Bip01 Head,0,-2.5,0,0,1,Bip01 Head,0,-2.5,0,0,1
39,ma_alicered,Bip01 Head,2,-2,0,0,1,Bip01 Spine2,-3,-4,0,0,1,Bip01 Pelvis,0,0,0,0,1,Bip01 Head,-1.1,-0.8,0,-0.3,1,Bip01 Head,0,-1.2,0,-0.1,1,Bip01 Head,-1.1,-0.8,0,-0.3,1,Bip01 Head,-0.235,-1.16,0,-0.1,1,Bip01 L UpperArm,0.2,1.2,0.25,0.01,0.7,Bip01 Head,-1.1,-0.8,0,-0.3,1,Bip01 Pelvis,1.6,0,-2,0,1,Bip01 Head,-1.1,-0.8,0,-0.3,1,Bip01 Head,-1.1,-0.8,0,-0.3,1,Bip01 Head,-1.1,-0.8,0,-0.3,1,Bip01 Head,2,-2,0,0,1,Bip01 Head,2,-2,0,0,1,Bip01 Head,-1,-3,0,-0.05,1
40,ma_aliceblue,Bip01 Head,2,-2,0,0,1,Bip01 Spine2,-3,-4,0,0,1,Bip01 Pelvis,0,0,0,0,1,Bip01 Head,-1.1,-0.8,0,-0.3,1,Bip01 Head,0,-1.2,0,-0.1,1,Bip01 Head,-1.1,-0.8,0,-0.3,1,Bip01 Head,-0.235,-1.16,0,-0.1,1,Bip01 L UpperArm,0.2,1.2,0.25,0.01,0.7,Bip01 Head,-1.2,-0.8,0,-0.3,1,Bip01 Pelvis,1.6,0,-2,0,1,Bip01 Head,-1.2,-0.8,0,-0.3,1,Bip01 Head,-1.1,-0.8,0,-0.3,1,Bip01 Head,-1.2,-0.8,0,-0.3,1,Bip01 Head,2,-2,0,0,1,Bip01 Head,2,-2,0,0,1,Bip01 Head,-1,-3,0,-0.05,1
41,hunter,Bip01 Head,0,-0.5,0,0,1,Bip01 Spine2,0,0,0,0,1,Bip01 Pelvis,0,0,0,0,1,Bip01 Head,-1.7,-0.6,0,0,1,Bip01 Head,-0.45,-0.15,0,-0.1,1,Bip01 Head,-1.5,-0.5,0,0,1,Bip01 Head,-0.235,-0.15,0,-0.1,1,Bip01 L UpperArm,0.15,0,0,0.01,1.03,Bip01 Head,-1.7,-0.6,0,0,1,Bip01 Pelvis,1.6,0,-2,0,1,Bip01 Head,-1.7,-0.6,0,0,1,Bip01 Head,-1.5,-0.6,0,0,1,Bip01 Head,-1.7,-0.6,0,0,1,Bip01 Head,0,-0.5,0,0,1,Bip01 Head,0,-0.5,0,0,1,Bip01 Head,-2.8,-1.9,0,-0.05,1
42,spade,Bip01 Head,0,0,0,0,1,Bip01 Spine2,0,0,0,0,1,Bip01 Pelvis,0,0,0,0,1,Bip01 Head,-1.6,-0.1,0,-0.03,1,Bip01 Head,-0.5,-0.15,0,-0.1,1,Bip01 Head,-1.9,0.5,0,-0.1,1,Bip01 Head,-0.41,-0.15,0,-0.1,1,Bip01 L UpperArm,0.7,0,0.4,0.01,0.95,Bip01 Head,-1.6,-0.1,0,-0.03,1,Bip01 Pelvis,1.6,0,-2,0,1,Bip01 Head,-1.6,-0.1,0,-0.03,1,Bip01 Head,-1.6,0.1,0,-0.03,1,Bip01 Head,-1.6,-0.1,0,-0.03,1,Bip01 Head,0,0,0,0,1,Bip01 Head,0,0,0,0,1,Bip01 Head,-3,-1,0,-0.05,1
43,hero,Bip01 Head,0,-1.3,-0.2,0,1,Bip01 Spine2,-1.9,0,0,0,1,Bip01 Pelvis,0,0,0,0,1,Bip01 Head,-1.5,-0.5,0,-0.025,1,Bip01 Head,-0.235,-0.15,0,-0.1,1,Bip01 Head,-1.4,-0.5,0,0,1,Bip01 Head,-0.235,-0.15,0,-0.1,1,Bip01 L UpperArm,0,0,0,0,1,Bip01 Head,-1.5,-0.5,0,-0.025,1,Bip01 Pelvis,1.6,0,-2,0,1,Bip01 Head,-1.5,-0.5,0,-0.025,1,Bip01 Head,-1.5,-0.5,0,-0.025,1,Bip01 Head,-1.5,-0.5,0,-0.025,1,Bip01 Head,0,-1.3,-0.2,0,1,Bip01 Head,0,-1.3,-0.2,0,1,Bip01 Head,0,-1.3,-0.2,0,1
44,heroine,Bip01 Head,2,-2,0,0,1,Bip01 Spine2,1.5,-4,0,0,1,Bip01 Pelvis,0,0,0,0,1,Bip01 Head,-1.2,-0.8,0,-0.3,1,Bip01 Head,-0.235,-0.15,0,-0.1,1,Bip01 Head,-1.2,-0.8,0,-0.3,1,Bip01 Head,-0.235,-0.15,0,-0.1,1,Bip01 L UpperArm,0,0,0,0,1,Bip01 Head,-1.2,-0.8,0,-0.3,1,Bip01 Pelvis,1.6,0,-2,0,1,Bip01 Head,-1.2,-0.8,0,-0.3,1,Bip01 Head,-1.2,-0.8,0,-0.3,1,Bip01 Head,-1.2,-0.8,0,-0.3,1,Bip01 Head,2,-2,0,0,1,Bip01 Head,2,-2,0,0,1,Bip01 Head,-1,-3,0,-0.05,1
45,fernando,Bip01 Head,0,0,0,0,1,Bip01 Spine2,0,0,0,0,1,Bip01 Pelvis,0,0,0,0,1,Bip01 Head,-0.8,0.3,0,-0.15,1,Bip01 Head,-0.2,-0.15,0,-0.075,1,Bip01 Head,-0.4,-0.3,0,-0.1,1,Bip01 Head,-0.235,-0.15,0,-0.1,1,Bip01 L UpperArm,0.05,0,0.2,0.01,1.07,Bip01 Head,-0.8,0.3,0,-0.15,1,Bip01 Pelvis,1.6,0,-2,0,1,Bip01 Head,-0.8,0.3,0,-0.15,1,Bip01 Head,-0.8,0.3,0,-0.15,1,Bip01 Head,-0.8,0.3,0,-0.15,1,Bip01 Head,1,0,0,0,1,Bip01 Head,1,0,0,0,1,Bip01 Head,-1,-1.7,0,0,1
46,blair,Bip01 Head,2,-2,0,0,1,Bip01 Spine2,2,-4,0,0,1,Bip01 Pelvis,0,0,0,0,1,Bip01 Head,-1.5,-1.1,0,-0.25,1,Bip01 Head,-0.235,-0.9,0,-0.1,1,Bip01 Head,-1.6,-0.9,0,-0.3,1,Bip01 Head,-0.235,-0.9,0,-0.1,1,Bip01 L UpperArm,0.1,-0.4,-0.2,0.01,0.6,Bip01 Head,-1.4,-1.1,0,-0.25,1,Bip01 Pelvis,1.6,0,-2,0,1,Bip01 Head,-1.4,-1.1,0,-0.25,1,Bip01 Head,-1.5,-1.1,0,-0.25,1,Bip01 Head,-1.4,-1.1,0,-0.25,1,Bip01 Head,2,-2,0,0,1,Bip01 Head,2,-2,0,0,1,Bip01 Head,-1,-3,0,-0.05,1
47,marineboy,Bip01 Head,0,0,0,0,1,Bip01 Spine2,0,0,0,0,1,Bip01 Pelvis,0.8,0,0,0,1,Bip01 Head,-1.2,0,0,-0.05,1,Bip01 Head,-0.235,-0.15,0,-0.085,1,Bip01 Head,-1.5,1,0,-0.1,1,Bip01 Head,-0.235,-0.15,0,-0.1,1,Bip01 L UpperArm,0.55,0,0.4,0.01,1.05,Bip01 Head,-1.6,0.7,0,-0.05,1,Bip01 Pelvis,1.6,0,-2,0,1,Bip01 Head,-1.6,0.7,0,-0.05,1,Bip01 Head,-1.2,0.3,0,-0.05,1,Bip01 Head,-1.6,0.7,0,-0.05,1,Bip01 Head,0,0,0,0,1,Bip01 Head,-1,1,0,0,1,Bip01 Head,-2,-1.3,0,0,1
48,marinegirl,Bip01 Head,2.5,-1.5,0,0,1,Bip01 Spine2,2,-4,0,0,1,Bip01 Pelvis,0,0,0,0,1,Bip01 Head,-1.55,-1,0,-0.3,1,Bip01 Head,-0.15,-0.85,0,-0.1,1,Bip01 Head,-1.4,0,0,-0.5,1,Bip01 Head,-0.235,-0.85,0,-0.1,1,Bip01 L UpperArm,0.12,-0.4,0,0.01,0.66,Bip01 Head,-1.45,-1,0,-0.3,1,Bip01 Pelvis,1.6,0,-2,0,1,Bip01 Head,-1.45,-1,0,-0.3,1,Bip01 Head,-1.15,-1,0,-0.3,1,Bip01 Head,-1,-0.5,0,-0.3,1,Bip01 Head,2.5,-1.5,0,0,1,Bip01 Head,1.2,-2.4,0,0,1,Bip01 Head,1.2,-2.4,0,0,1
50,natasha2,Bip01 Head,1.4,-2.5,0,-0.05,1.5,Bip01 Spine2,2,-4,0,0,1,Bip01 Pelvis,0,0,0,0,1,Bip01 Head,-1.4,-1.4,0,-0.25,1,Bip01 Head,-0.175,-0.9,0,-0.1,1,Bip01 Head,-1.1,-0.9,0,-0.2,1,Bip01 Head,-0.235,-0.9,0,-0.085,1,Bip01 L UpperArm,0.1,-0.4,-0.2,0.01,0.62,Bip01 Head,-1.4,-1.25,0,-0.25,1,Bip01 Pelvis,1.6,0,-2,0,1,Bip01 Head,-1.4,-1.25,0,-0.25,1,Bip01 Head,-1.4,-1.4,0,-0.25,1,Bip01 Head,-1.4,-1.25,0,-0.25,1,Bip01 Head,2,-3,0,-0.05,1,Bip01 Head,2,-3,0,-0.05,1,Bip01 Head,-0.5,-3,0,-0.05,1
51,jennifer2,Bip01 Head,2,-2,0,0,1,Bip01 Spine2,2,-4,0,0,1,Bip01 Pelvis,0,0,0,0,1,Bip01 Head,-1.3,-1.3,0,-0.3,1,Bip01 Head,-0.1,-1,0,-0.1,1,Bip01 Head,-1.4,-0.8,0,-0.3,1,Bip01 Head,-0.235,-0.9,0,-0.1,1,Bip01 L UpperArm,-0.1,-0.4,0.1,0.01,0.6,Bip01 Head,-0.5,-1.8,0,-0.1,1,Bip01 Pelvis,1.6,0,-2,0,1,Bip01 Head,-0.5,-1.8,0,-0.1,1,Bip01 Head,-1.3,-1.3,0,-0.3,1,Bip01 Head,-0.5,-1.8,0,-0.1,1,Bip01 Head,2,-2,0,0,1,Bip01 Head,2,-2,0,0,1,Bip01 Head,-0.5,-3,0,0,1
52,pirateboy,Bip01 Head,0,-0.3,-0.5,0,1,Bip01 Spine2,0,0,0,0,1,Bip01 Pelvis,0,0,0,0,1,Bip01 Head,-1.9,-0.5,0,-0.15,1,Bip01 Head,-0.235,-0.15,0,-0.075,1,Bip01 Head,-2.2,-1,0,-0.1,1,Bip01 Head,-0.235,-0.15,0,-0.1,1,Bip01 L UpperArm,-0.1,0,-0.2,0.01,1,Bip01 Head,-1.9,-0.1,0,-0.15,1,Bip01 Pelvis,1.6,0,-2,0,1,Bip01 Head,-1.9,-0.1,0,-0.15,1,Bip01 Head,-1.9,-0.3,0,-0.15,1,Bip01 Head,-1.9,-0.1,0,-0.15,1,Bip01 Head,0,-0.3,-0.5,0,1,Bip01 Head,-1,-0.3,0,0,1,Bip01 Head,-2,-1,0,0,1
53,pirategirl,Bip01 Head,2,-2.5,0,-0.05,1,Bip01 Spine2,2,-4,0,0,1,Bip01 Pelvis,0,0,0,0,1,Bip01 Head,-1.5,-0.8,0,-0.3,1,Bip01 Head,-0.215,-0.9,0,-0.1,1,Bip01 Head,-1.5,-0.2,0,-0.4,1,Bip01 Head,-0.235,-0.9,0,-0.1,1,Bip01 L UpperArm,0.1,-0.4,-0.2,0.01,0.6,Bip01 Head,-1.2,-0.8,0,-0.3,1,Bip01 Pelvis,1.6,0,-2,0,1,Bip01 Head,-1.2,-0.8,0,-0.3,1,Bip01 Head,-1.5,-0.8,0,-0.3,1,Bip01 Head,-1.2,-0.8,0,-0.3,1,Bip01 Head,1.5,-2.5,0,-0.05,1,Bip01 Head,0.7,-2.4,0,-0.05,1,Bip01 Head,-0.5,-3.6,0,-0.05,1
58,yuri2,Bip01 Head,0,-2,0,-0.05,1,Bip01 Spine2,2,-4,0,0,1,Bip01 Pelvis,0,0,0,0,0.5,Bip01 Head,-1.73,-0.8,0,-0.4,1,Bip01 Head,-0.235,-1,0,-0.1,0.5,Bip01 Head,-1.2,-0.8,0,-0.3,1,Bip01 Head,-0.235,-0.9,0,-0.1,1,Bip01 L UpperArm,0.34,-0.4,-0.2,0.01,0.66,Bip01 Head,-1.65,-0.1,0,-0.4,1,Bip01 Pelvis,1.6,0,-2,0,0.5,Bip01 Head,-1.65,-0.1,0,-0.4,1,Bip01 Head,-1.73,0,0,-0.4,1,Bip01 Head,-1.65,-0.1,0,-0.4,1,Bip01 Head,1.5,-2,0,-0.05,1,Bip01 Head,1.5,-2,0,-0.05,1,Bip01 Head,-0.5,-3,0,-0.05,1
59,alice2,Bip01 Head,2,-2.5,0,-0.05,1,Bip01 Spine2,2,-4,0,0,1,Bip01 Pelvis,0,0,0,0,0.8,Bip01 Head,-1.1,-0.8,0,-0.3,1,Bip01 Head,0,-1.73,0,0,0.8,Bip01 Head,-1.1,-0.8,0,-0.3,1,Bip01 Head,-0.235,-1.73,0,0,1,Bip01 L UpperArm,0.1,1.2,0.25,0.01,0.7,Bip01 Head,-1.1,-0.8,0,-0.3,1,Bip01 Pelvis,1.6,0,-2,0,0.8,Bip01 Head,-1.1,-0.8,0,-0.3,1,Bip01 Head,-1.1,-0.8,0,-0.3,1,Bip01 Head,-1.1,-0.8,0,-0.3,1,Bip01 Head,2,-2.5,0,-0.05,1,Bip01 Head,2,-2.5,0,-0.05,1,Bip01 Head,-1,-3,0,-0.05,1
62,mercenaryct,Bip01 Head,0,0,0,0,1,Bip01 Spine2,0,0,0,0,1,Bip01 Pelvis,0.8,0,0,0,5,Bip01 Head,-1.2,0,0,-0.05,1,Bip01 Head,-0.235,-0.15,0,-0.1,5,Bip01 Head,-1.5,1,0,-0.1,1,Bip01 Head,-0.235,-0.15,0,-0.1,1,Bip01 L UpperArm,0.2,0,0.9,0.01,1.15,Bip01 Head,-0.8,0.3,0,0,1,Bip01 Pelvis,1.6,0,-2,0,5,Bip01 Head,-0.8,0.3,0,0,1,Bip01 Head,-1,1,0,-0.05,1,Bip01 Head,-0.5,0.4,0,0,1,Bip01 Head,1,0,0,0,1,Bip01 Head,-0.4,3,0,0,1,Bip01 Head,-1.7,-2,0,0,1.1
63,mercenarytr,Bip01 Head,2,0.2,0,0,1,Bip01 Spine2,0,0,0,0,1,Bip01 Pelvis,0.8,0,0,0,2,Bip01 Head,0.5,0,0,-0.05,1,Bip01 Head,0.6,0.3,0,-0.1,6,Bip01 Head,-1.5,1,0,-0.1,1,Bip01 Head,-0.235,-0.15,0,-0.1,1,Bip01 L UpperArm,0.8,0,0.7,0.01,1.2,Bip01 Head,0.5,0.5,0,0,1,Bip01 Pelvis,1.6,0,-2,0,2,Bip01 Head,0.5,0.5,0,0,1,Bip01 Head,0.7,0.2,0,-0.05,1,Bip01 Head,0.5,0.5,0,0,1,Bip01 Head,2,0,0,0,1,Bip01 Head,1.1,1.2,0,0,1,Bip01 Head,0,-1,0,0,1.1
64,choijiyoon2,Bip01 Head,1,-2,0,0,1,Bip01 Spine2,2,-4,0,0,1,Bip01 Pelvis,0,0,0,0,1,Bip01 Head,-1.2,-1,0,-0.3,1,Bip01 Head,-0.235,-0.9,0,-0.085,1,Bip01 Head,-1.2,-0.9,0,-0.2,1,Bip01 Head,-0.235,-0.9,0,-0.1,1,Bip01 L UpperArm,0.2,-0.4,-0.2,0.01,0.68,Bip01 Head,-0.8,-2.3,0,0,1,Bip01 Pelvis,1.6,0,-2,0,1,Bip01 Head,-0.8,-2.3,0,0,1,Bip01 Head,-1.7,-1,0,-0.3,1,Bip01 Head,1,-2.3,0,0,1,Bip01 Head,1.5,-2,0,0,1,Bip01 Head,1.2,-2,0,0,1,Bip01 Head,-0.5,-3,0,-0.05,1
65,pirategirl2,Bip01 Head,2,-2.5,0,-0.05,1,Bip01 Spine2,2,-4,0,0,1,Bip01 Pelvis,0,0,0,0,1,Bip01 Head,-1.5,-0.8,0,-0.3,1,Bip01 Head,-0.235,-0.9,0,-0.1,1,Bip01 Head,-1.5,-0.2,0,-0.4,1,Bip01 Head,-0.235,-0.9,0,-0.1,1,Bip01 L UpperArm,0.1,-0.4,-0.2,0.01,0.6,Bip01 Head,-1.3,-0.8,0,-0.3,1,Bip01 Pelvis,1.6,0,-2,0,1,Bip01 Head,-1.3,-0.8,0,-0.3,1,Bip01 Head,-1.5,-0.8,0,-0.3,1,Bip01 Head,-1.3,-0.8,0,-0.3,1,Bip01 Head,2,-2.5,0,-0.05,1,Bip01 Head,2,-2.5,0,-0.05,1,Bip01 Head,-1,-3,0,-0.05,1
66,idolgirl,Bip01 Head,2,-2.5,0,-0.05,1,Bip01 Spine2,2,-4,0,0,1,Bip01 Pelvis,0,0,0,0,1,Bip01 Head,-1.5,-0.8,0,-0.3,1,Bip01 Head,-0.235,-0.9,0,-0.1,1,Bip01 Head,-1.5,-0.2,0,-0.4,1,Bip01 Head,-0.235,-0.9,0,-0.1,1,Bip01 L UpperArm,0.1,1.3,-0.2,0.01,0.55,Bip01 Head,-1.3,-0.8,0,-0.3,1,Bip01 Pelvis,1.6,0,-2,0,1,Bip01 Head,-1.3,-0.8,0,-0.3,1,Bip01 Head,-1.5,-0.8,0,-0.3,1,Bip01 Head,-1.3,-0.8,0,-0.3,1,Bip01 Head,2,-2.5,0,-0.05,1,Bip01 Head,1,-2.5,0,-0.05,1,Bip01 Head,-1.5,-2.5,0,-0.05,1
67,boxxergirl,Bip01 Head,2,-2.5,0,-0.05,1,Bip01 Spine2,2,-4,0,0,1,Bip01 Pelvis,0,0,0,0,1,Bip01 Head,-1.5,-0.8,0,-0.3,1,Bip01 Head,-0.235,-0.9,0,-0.1,1,Bip01 Head,-1.5,-0.2,0,-0.4,1,Bip01 Head,-0.235,-0.9,0,-0.1,1,Bip01 L UpperArm,0.1,1.3,-0.2,0.01,0.55,Bip01 Head,-1.3,-0.78,0,-0.3,1,Bip01 Pelvis,1.6,0,-2,0,1,Bip01 Head,-1.3,-0.78,0,-0.3,1,Bip01 Head,-1.5,-0.8,0,-0.3,1,Bip01 Head,-1.3,-0.78,0,-0.3,1,Bip01 Head,2,-2.5,0,-0.05,1,Bip01 Head,2,-2.5,0,-0.05,1,Bip01 Head,-1,-3,0,-0.05,1
68,henry,Bip01 Head,0,0,0,0,1,Bip01 Spine2,0,0,0,0,1,Bip01 Pelvis,0,0,0,0,1,Bip01 Head,-1.2,0.5,0,-0.1,1,Bip01 Head,-0.235,-0.15,0,-0.09,1,Bip01 Head,-0.4,-0.1,0,-0.1,1,Bip01 Head,-0.235,-0.15,0,-0.1,1,Bip01 L UpperArm,0.05,0,0.2,0.01,1.07,Bip01 Head,-1.2,0.9,0,-0.1,1,Bip01 Pelvis,1.6,0,-2,0,1,Bip01 Head,-1.2,0.9,0,-0.1,1,Bip01 Head,-1.2,0.8,0,-0.1,1,Bip01 Head,-1.2,0.9,0,-0.1,1,Bip01 Head,1,0,0,0,1,Bip01 Head,-0.5,1,0,0,1,Bip01 Head,-2,-1,0,0,1
69,gunsmith,Bip01 Head,2,-2.5,0,-0.05,1,Bip01 Spine2,2,-4,0,0,1,Bip01 Pelvis,0,0,0,0,1,Bip01 Head,-1.5,-0.8,0,-0.3,1,Bip01 Head,0.035,-0.9,0,-0.1,1,Bip01 Head,-1.5,-0.2,0,-0.4,1,Bip01 Head,-0.235,-0.9,0,-0.1,1,Bip01 L UpperArm,0.1,1.3,-0.2,0.01,0.55,Bip01 Head,-1.2,-1.1,0,-0.3,1,Bip01 Pelvis,1.6,0,-2,0,1,Bip01 Head,-1.2,-1.1,0,-0.3,1,Bip01 Head,-1.5,-1,0,-0.3,1,Bip01 Head,-1.2,-1.1,0,-0.3,1,Bip01 Head,2,-2.5,0,-0.05,1,Bip01 Head,1.7,-2.5,0,-0.05,1,Bip01 Head,-1,-3.6,0,-0.05,1
70,alin,Bip01 Head,2,-2,0,-0.05,1,Bip01 Spine2,2,-4,0,0,1,Bip01 Pelvis,0,0,0,0,0.5,Bip01 Head,-1.73,-0.8,0,-0.4,1,Bip01 Head,0.18,-1,0,-0.1,0.5,Bip01 Head,-1.2,-0.8,0,-0.3,1,Bip01 Head,-0.235,-0.9,0,-0.1,1,Bip01 L UpperArm,0.34,-0.4,-0.2,0.01,0.66,Bip01 Head,-0.6,-2,0,-0.1,1,Bip01 Pelvis,1.6,0,-2,0,0.5,Bip01 Head,-0.6,-2,0,-0.1,1,Bip01 Head,-1.73,-0.6,0,-0.4,1,Bip01 Head,-0.3,-0.78,0,-0.2,1,Bip01 Head,2,-2,0,-0.05,1,Bip01 Head,1.2,-2,0,-0.05,1,Bip01 Head,-0.5,-3,0,-0.05,1
71,dominique,Bip01 Head,0,0,0,0,1,Bip01 Spine2,0,0,0,0,1,Bip01 Pelvis,0.8,0,0,0,5,Bip01 Head,-1.2,0,0,-0.05,1,Bip01 Head,-0.235,-0.15,0,-0.09,5,Bip01 Head,-1.5,1,0,-0.1,1,Bip01 Head,-0.235,-0.15,0,-0.1,1,Bip01 L UpperArm,0.2,0,0.9,0.01,1.15,Bip01 Head,-0.5,0.6,0,0,1,Bip01 Pelvis,1.6,0,0,0,0,Bip01 Head,-0.5,0.6,0,0,1,Bip01 Head,-1.65,0.8,0,-0.05,1,Bip01 Head,-0.5,0.6,0,0,1,Bip01 Head,1,0.5,0,0,1,Bip01 Head,-1,1.4,0,0,1,Bip01 Head,-1.9,-1.5,0,-0.05,1
72,soi,Bip01 Head,2,-2,0,-0.05,1,Bip01 Spine2,2,-4,0,0,1,Bip01 Pelvis,0,0,0,0,0.5,Bip01 Head,-1.73,-0.8,0,-0.4,1,Bip01 Head,-0.185,-1,0,-0.1,0.5,Bip01 Head,-1.2,-0.8,0,-0.3,1,Bip01 Head,-0.235,-0.9,0,-0.1,1,Bip01 L UpperArm,0.34,-0.4,-0.2,0.01,0.66,Bip01 Head,-0.6,-1.5,0,-0.1,1,Bip01 Pelvis,1.6,0,-2,0,0.5,Bip01 Head,-0.6,-1.5,0,-0.1,1,Bip01 Head,-1.73,-0.5,0,-0.4,1,Bip01 Head,-0.6,-1.5,0,-0.1,1,Bip01 Head,2.5,-2,0,-0.05,1,Bip01 Head,1.5,-2,0,-0.05,1,Bip01 Head,-0.5,-3,0,-0.05,1
73,zim,Bip01 Head,0,0,0,0,1,Bip01 Spine2,0,0,0,0,1,Bip01 Pelvis,0,0,0,0,1,Bip01 Head,-0.8,0.3,0,-0.15,1,Bip01 Head,-0.235,-0.15,0,-0.1,1,Bip01 Head,-0.4,-0.3,0,-0.1,1,Bip01 Head,-0.235,-0.15,0,-0.1,1,Bip01 L UpperArm,0.8,0,0.7,0.01,1.1,Bip01 Head,-0.8,1,0,-0.15,1,Bip01 Pelvis,1.6,0,-2,0,1,Bip01 Head,-0.8,1,0,-0.15,1,Bip01 Head,-0.8,0.5,0,-0.15,1,Bip01 Head,-2.8,2,0,-0.15,1,Bip01 Head,0.5,0,0,0,1,Bip01 Head,0.5,0,0,0,1,Bip01 Head,-1.5,-1.7,0,0,1
74,vngirl,Bip01 Head,1,-2.5,0,0,1,Bip01 Spine2,2,-2.8,0,0,1,Bip01 Pelvis,0,0,0,0,1,Bip01 Head,-1.7,-1,0,-0.3,1,Bip01 Head,-0.235,-0.9,0,-0.1,1,Bip01 Head,-1.2,-0.9,0,-0.2,1,Bip01 Head,-0.235,-0.9,0,-0.1,1,Bip01 L UpperArm,0.2,-0.4,-0.2,0.01,0.68,Bip01 Head,0,-2.3,0,0,1,Bip01 Pelvis,1.6,0,-2,0,1,Bip01 Head,0.3,-0.5,0,0.1,1,Bip01 Head,-1.7,-1,0,-0.3,1,Bip01 Head,1,-2,0,0,1,Bip01 Head,1.5,-2.5,0,0,1,Bip01 Head,1.5,-2.5,0,0,1,Bip01 Head,-0.5,-3,0,-0.05,1
75,vnman,Bip01 Head,0,0.5,0,0,1,Bip01 Spine2,1,-2,0,0,1,Bip01 Pelvis,2,0,0,0,1,Bip01 Head,-1.25,-0.6,0,-0.05,1,Bip01 Head,-1.2,1.15,0,-0.26,1,Bip01 Head,-1,1.5,0,0,1,Bip01 Head,-1.88,0,0,-0.26,1,Bip01 L UpperArm,-0.2,-0.4,0.3,0.01,1,Bip01 Head,-1.1,0.7,0,0,1,Bip01 Pelvis,1.8,0,-2,0,1,Bip01 Head,-1.1,1.6,0,0,1,Bip01 Head,-0.26,0.73,0,0,1,Bip01 Head,0.5,0.9,0,0,1,Bip01 Head,0,0.5,0,0,1,Bip01 Head,0,2.2,0,0,1,Bip01 Head,-1.9,0,0,-0.05,1
76,jinct,Bip01 Head,2,-2,0,-0.05,1,Bip01 Spine2,2,-4,0,0,1,Bip01 Pelvis,0,0,0,0,0.5,Bip01 Head,-1.73,-0.8,0,-0.4,1,Bip01 Head,-0.175,-1,0,-0.1,0.5,Bip01 Head,-1.2,-0.8,0,-0.3,1,Bip01 Head,-0.235,-0.9,0,-0.1,1,Bip01 L UpperArm,0.34,-0.4,-0.2,0.01,0.66,Bip01 Head,-0.6,-1.5,0,-0.1,1,Bip01 Pelvis,1.6,0,-2,0,0.5,Bip01 Head,-0.6,-1.5,0,-0.1,1,Bip01 Head,-1.73,-0.5,0,-0.4,1,Bip01 Head,0.6,-1.5,0,-0.1,1,Bip01 Head,2,-2,0,-0.05,1,Bip01 Head,2,-2,0,-0.05,1,Bip01 Head,-0.5,-3,0,-0.05,1
77,jintr,Bip01 Head,2,-2,0,-0.05,1,Bip01 Spine2,2,-4,0,0,1,Bip01 Pelvis,0,0,0,0,0.5,Bip01 Head,-1.73,-0.8,0,-0.4,1,Bip01 Head,0.18,-1,0,-0.1,0.5,Bip01 Head,-1.2,-0.8,0,-0.3,1,Bip01 Head,-0.235,-0.9,0,-0.1,1,Bip01 L UpperArm,0.34,-0.4,-0.2,0.01,0.66,Bip01 Head,-0.6,-2,0,-0.1,1,Bip01 Pelvis,1.6,0,-2,0,0.5,Bip01 Head,-0.6,-2,0,-0.1,1,Bip01 Head,-1.73,-0.6,0,-0.4,1,Bip01 Head,0.6,-1.5,0,-0.1,1,Bip01 Head,2.5,-2,0,-0.05,1,Bip01 Head,2.5,-2,0,-0.05,1,Bip01 Head,-0.5,-3,0,-0.05,1
78,nojinct,Bip01 Head,2,-2,0,-0.05,1,Bip01 Spine2,2,-4,0,0,1,Bip01 Pelvis,0,0,0,0,0.5,Bip01 Head,-1.2,-0.8,0,-0.4,1,Bip01 Head,-0.175,-1,0,-0.1,0.5,Bip01 Head,-1.2,-0.8,0,-0.3,1,Bip01 Head,-0.235,-0.9,0,-0.1,1,Bip01 L UpperArm,0.34,-0.4,-0.2,0.01,0.66,Bip01 Head,-0.6,-1.5,0,-0.1,1,Bip01 Pelvis,1.6,0,-2,0,0.5,Bip01 Head,-0.6,-1.5,0,-0.1,1,Bip01 Head,-1.73,-0.5,0,-0.4,1,Bip01 Head,0.6,-1.5,0,-0.1,1,Bip01 Head,2,-2,0,-0.05,1,Bip01 Head,2,-2,0,-0.05,1,Bip01 Head,-1,-3,0,-0.05,1
79,nojintr,Bip01 Head,2,-2,0,-0.05,1,Bip01 Spine2,2,-4,0,0,1,Bip01 Pelvis,0,0,0,0,0.5,Bip01 Head,-1.2,-0.8,0,-0.4,1,Bip01 Head,0.18,-1,0,-0.1,0.5,Bip01 Head,-1.2,-0.8,0,-0.3,1,Bip01 Head,-0.235,-0.9,0,-0.1,1,Bip01 L UpperArm,0.34,-0.4,-0.2,0.01,0.66,Bip01 Head,-0.6,-2,0,-0.1,1,Bip01 Pelvis,1.6,0,-2,0,0.5,Bip01 Head,-0.6,-2,0,-0.1,1,Bip01 Head,-1.73,-0.6,0,-0.4,1,Bip01 Head,0.6,-1.5,0,-0.1,1,Bip01 Head,2.5,-2,0,-0.05,1,Bip01 Head,2.5,-2,0,-0.05,1,Bip01 Head,-1,-3,0,-0.05,1
81,police,Bip01 Head,2,-2,0,0,1,Bip01 Spine2,2,-4,0,0,1,Bip01 Pelvis,0,0,0,0,1,Bip01 Head,-1.4,-0.8,0,-0.3,1,Bip01 Head,-0.225,-0.9,0,-0.1,1,Bip01 Head,-1.4,-0.8,0,-0.3,1,Bip01 Head,-0.235,-0.9,0,-0.1,1,Bip01 L UpperArm,0.3,-0.4,0,0.01,0.65,Bip01 Head,-1.2,-0.6,0,-0.3,1,Bip01 Pelvis,1.6,0,-2,0,1,Bip01 Head,-1.2,-0.6,0,-0.3,1,Bip01 Head,-1.4,-1,0,-0.3,1,Bip01 Head,-1.2,-0.6,0,-0.3,1,Bip01 Head,2,-2,0,0,1,Bip01 Head,2,-2,0,0,1,Bip01 Head,-1,-3,0,-0.05,1
82,thief,Bip01 Head,2,-2,0,0,1,Bip01 Spine2,2,-4,0,0,1,Bip01 Pelvis,0,0,0,0,1,Bip01 Head,-1.4,-0.8,0,-0.3,1,Bip01 Head,-0.225,-0.9,0,-0.1,1,Bip01 Head,-1.4,-0.8,0,-0.3,1,Bip01 Head,-0.235,-0.9,0,-0.1,1,Bip01 L UpperArm,0.3,-0.4,0,0.01,0.65,Bip01 Head,-1.2,-0.6,0,-0.3,1,Bip01 Pelvis,1.6,0,-2,0,1,Bip01 Head,-1.2,-0.6,0,-0.3,1,Bip01 Head,-1.4,-1,0,-0.3,1,Bip01 Head,-1.2,-0.6,0,-0.3,1,Bip01 Head,2,-2,0,0,1,Bip01 Head,2,-2,0,0,1,Bip01 Head,-1,-3,0,-0.05,1
83,victor,Bip01 Head,0,0.9,0,0,1,Bip01 Spine2,1,-2,0,0,1,Bip01 Pelvis,1,0.5,0,0,1,Bip01 Head,-1.3,1.25,0,-0.05,1,Bip01 Head,-1.2,1.15,0,-0.26,1,Bip01 Head,-1,1.5,0,0,1,Bip01 Head,-1.88,0,0,-0.26,1,Bip01 L UpperArm,-0.2,-0.4,0.3,0.01,1,Bip01 Head,-1.4,1.3,0,0,1,Bip01 Pelvis,1.8,0,-2,0,1,Bip01 Head,-1.1,1.6,0,0,1,Bip01 Head,-0.8,1.6,0,0,1,Bip01 Head,0.5,0.9,0,0,1,Bip01 Head,0.5,0.9,0,0,1,Bip01 Head,-0.7,0.5,0,0,1,Bip01 Head,-1.5,0,0,0,1
84,twctclass,Bip01 Head,0,0.9,0,0,1,Bip01 Spine2,1,-2,0,0,1,Bip01 Pelvis,1,0.5,0,0,1,Bip01 Head,-1.3,1.25,0,-0.05,1,Bip01 Head,-1.2,1.15,0,-0.26,1,Bip01 Head,-1,1.5,0,0,1,Bip01 Head,-1.88,0,0,-0.26,1,Bip01 L UpperArm,-0.2,-0.4,0.3,0.01,1,Bip01 Head,-1.4,1.3,0,0,1,Bip01 Pelvis,1.8,0,-2,0,1,Bip01 Head,-1.1,1.6,0,0,1,Bip01 Head,-0.8,1.6,0,0,1,Bip01 Head,-0.5,0.9,0,0,1,Bip01 Head,0,0.9,0,0,1,Bip01 Head,-0.7,2.2,0,0,1,Bip01 Head,-1.5,0,0,0,1
85,twtrclass,Bip01 Head,0,0.9,0,0,1,Bip01 Spine2,1,-2,0,0,1,Bip01 Pelvis,1,0.5,0,0,1,Bip01 Head,-1.3,1.25,0,-0.05,1,Bip01 Head,-1.2,1.15,0,-0.26,1,Bip01 Head,-1,1.5,0,0,1,Bip01 Head,-1.88,0,0,-0.26,1,Bip01 L UpperArm,-0.2,-0.4,0.3,0.01,1,Bip01 Head,-1.4,1.3,0,0,1,Bip01 Pelvis,1.8,0,-2,0,1,Bip01 Head,-1.1,1.6,0,0,1,Bip01 Head,-0.8,1.6,0,0,1,Bip01 Head,-0.5,0.9,0,0,1,Bip01 Head,0,0.9,0,0,1,Bip01 Head,-0.7,2.2,0,0,1,Bip01 Head,-1.5,0,0,0,1
86,buffclassA,Bip01 Head,2,-2,0,-0.05,1,Bip01 Spine2,2,-4,0,0,1,Bip01 Pelvis,0,0,0,0,0.5,Bip01 Head,-1.73,0,0,-0.4,1,Bip01 Head,-0.175,-1,0,-0.1,0.5,Bip01 Head,-1.2,-0.8,0,-0.3,1,Bip01 Head,-0.235,-0.9,0,-0.1,1,Bip01 L UpperArm,0.34,-0.4,-0.2,0.01,0.66,Bip01 Head,-0.6,-1.5,0,-0.1,1,Bip01 Pelvis,1.6,0,-2,0,0.5,Bip01 Head,-0.6,-1.5,0,-0.1,1,Bip01 Head,-1.73,-0.5,0,-0.4,1,Bip01 Head,0,-1.5,0,-0.1,1,Bip01 Head,2,-2,0,-0.05,1,Bip01 Head,1.2,-2,0,-0.05,1,Bip01 Head,-0.5,-3,0,-0.05,1
87,buffclassB,Bip01 Head,2,-2,0,-0.05,1,Bip01 Spine2,2,-4,0,0,1,Bip01 Pelvis,0,0,0,0,0.5,Bip01 Head,-1.73,-0.8,0,-0.4,1,Bip01 Head,0.18,-1,0,-0.1,0.5,Bip01 Head,-1.2,-0.8,0,-0.3,1,Bip01 Head,-0.235,-0.9,0,-0.1,1,Bip01 L UpperArm,0.34,-0.4,-0.2,0.01,0.66,Bip01 Head,-0.6,-2,0,-0.1,1,Bip01 Pelvis,1.6,0,-2,0,0.5,Bip01 Head,-0.6,-2,0,-0.1,1,Bip01 Head,-1.73,-0.6,0,-0.4,1,Bip01 Head,0,-1.5,0,-0.1,1,Bip01 Head,2,-2,0,-0.05,1,Bip01 Head,1.2,-2,0,-0.05,1,Bip01 Head,-0.5,-3,0,-0.05,1
88,buffclasschoijiyoon,Bip01 Head,2,-2,0,-0.05,1,Bip01 Spine2,2,-4,0,0,1,Bip01 Pelvis,0,0,0,0,0.5,Bip01 Head,-1.73,0,0,-0.4,1,Bip01 Head,-0.175,-1,0,-0.1,0.5,Bip01 Head,-1.2,-0.8,0,-0.3,1,Bip01 Head,-0.235,-0.9,0,-0.1,1,Bip01 L UpperArm,0.34,-0.4,-0.2,0.01,0.66,Bip01 Head,-0.6,-1.5,0,-0.1,1,Bip01 Pelvis,1.6,0,-2,0,0.5,Bip01 Head,-0.6,-1.5,0,-0.1,1,Bip01 Head,-1.73,-0.5,0,-0.4,1,Bip01 Head,0,-1.5,0,-0.1,1,Bip01 Head,2,-2,0,-0.05,1,Bip01 Head,1.2,-2,0,-0.05,1,Bip01 Head,-0.5,-3,0,-0.05,1
89,buffclassyuri,Bip01 Head,1,-1.2,0,-0.05,1.5,Bip01 Spine2,2,-4,0,0,1,Bip01 Pelvis,0,0,0,0,0.5,Bip01 Head,-1.73,-0.8,0,-0.4,1,Bip01 Head,0.18,-1,0,-0.1,0.5,Bip01 Head,-1.2,-0.8,0,-0.3,1,Bip01 Head,-0.235,-0.9,0,-0.1,1,Bip01 L UpperArm,0.34,-0.4,-0.2,0.01,0.66,Bip01 Head,-0.6,-2,0,-0.1,1,Bip01 Pelvis,1.6,0,-2,0,0.5,Bip01 Head,-0.6,-2,0,-0.1,1,Bip01 Head,-1.73,-0.6,0,-0.4,1,Bip01 Head,0,-1.5,0,-0.1,1,Bip01 Head,2,-2,0,-0.05,1,Bip01 Head,1.5,-2,0,-0.05,1,Bip01 Head,-0.5,-3,0,-0.05,1
90,buffclasslycan,Bip01 Head,2,-2,0,-0.05,1,Bip01 Spine2,2,-4,0,0,1,Bip01 Pelvis,0,0,0,0,0.5,Bip01 Head,-1.73,0,0,-0.4,1,Bip01 Head,-0.175,-1,0,-0.1,0.5,Bip01 Head,-1.2,-0.8,0,-0.3,1,Bip01 Head,-0.235,-0.9,0,-0.1,1,Bip01 L UpperArm,0.34,-0.4,-0.2,0.01,0.66,Bip01 Head,-0.6,-1.5,0,-0.1,1,Bip01 Pelvis,1.6,0,-2,0,0.5,Bip01 Head,-0.6,-1.5,0,-0.1,1,Bip01 Head,-1.73,-0.5,0,-0.4,1,Bip01 Head,0,-1.5,0,-0.1,1,Bip01 Head,2,-2,0,-0.05,1,Bip01 Head,1.2,-2,0,-0.05,1,Bip01 Head,-0.5,-3,0,-0.05,1
91,buffclasshunter,Bip01 Head,2,-2,0,-0.05,1,Bip01 Spine2,2,-4,0,0,1,Bip01 Pelvis,0,0,0,0,0.5,Bip01 Head,-1.73,-0.8,0,-0.4,1,Bip01 Head,0.18,-1,0,-0.1,0.5,Bip01 Head,-1.2,-0.8,0,-0.3,1,Bip01 Head,-0.235,-0.9,0,-0.1,1,Bip01 L UpperArm,0.34,-0.4,-0.2,0.01,0.66,Bip01 Head,-0.6,-2,0,-0.1,1,Bip01 Pelvis,1.6,0,-2,0,0.5,Bip01 Head,-0.6,-2,0,-0.1,1,Bip01 Head,-1.73,-0.6,0,-0.4,1,Bip01 Head,0,-1.5,0,-0.1,1,Bip01 Head,2,-2,0,-0.05,1,Bip01 Head,2,-2,0,-0.05,1,Bip01 Head,-1,-3,0,-0.05,1
92,buffclasspirategirl,Bip01 Head,1,-1.2,0,-0.05,1.5,Bip01 Spine2,2,-4,0,0,1,Bip01 Pelvis,0,0,0,0,1,Bip01 Head,-1.3,-1.3,0,-0.3,1,Bip01 Head,-0.1,-1,0,-0.1,1,Bip01 Head,-1.4,-0.8,0,-0.3,1,Bip01 Head,-0.235,-0.9,0,-0.1,1,Bip01 L UpperArm,0.1,-0.4,-0.2,0.01,0.6,Bip01 Head,-0.5,-1.5,0,-0.1,1,Bip01 Pelvis,1.6,0,-2,0,1,Bip01 Head,-0.5,-1.8,0,-0.1,1,Bip01 Head,-1.73,-1.3,0,-0.3,1,Bip01 Head,-0.5,-1.8,0,-0.1,1,Bip01 Head,2,-2,0,0,1,Bip01 Head,2,-2,0,0,1,Bip01 Head,-1,-3,0,-0.05,1
93,lisa,Bip01 Head,2,-2,0,-0.05,1,Bip01 Spine2,2,-4,0,0,1,Bip01 Pelvis,0,0,0,0,0.5,Bip01 Head,-1.73,-0.8,0,-0.4,1,Bip01 Head,-0.175,-1,0,-0.1,0.5,Bip01 Head,-1.2,-0.8,0,-0.3,1,Bip01 Head,-0.235,-0.9,0,-0.1,1,Bip01 L UpperArm,0.34,-0.4,-0.2,0.01,0.66,Bip01 Head,-0.6,-1.5,0,-0.1,1,Bip01 Pelvis,1.6,0,-2,0,0.5,Bip01 Head,-0.6,-1.5,0,-0.1,1,Bip01 Head,-1.73,-0.5,0,-0.4,1,Bip01 Head,0.6,-1.5,0,-0.1,1,Bip01 Head,2,-2,0,-0.05,1,Bip01 Head,2,-2,0,-0.05,1,Bip01 Head,-1,-3,0,-0.05,1
94,mila,Bip01 Head,2,-2,0,-0.05,1,Bip01 Spine2,2,-4,0,0,1,Bip01 Pelvis,0,0,0,0,0.5,Bip01 Head,-1.73,-0.8,0,-0.4,1,Bip01 Head,0.18,-1,0,-0.1,0.5,Bip01 Head,-1.2,-0.8,0,-0.3,1,Bip01 Head,-0.235,-0.9,0,-0.1,1,Bip01 L UpperArm,0.34,-0.4,-0.2,0.01,0.66,Bip01 Head,-0.6,-2,0,-0.1,1,Bip01 Pelvis,1.6,0,-2,0,0.5,Bip01 Head,-0.6,-2,0,-0.1,1,Bip01 Head,-1.73,-0.6,0,-0.4,1,Bip01 Head,0.6,-1.5,0,-0.1,1,Bip01 Head,2,-2,0,-0.05,1,Bip01 Head,2,-2,0,-0.05,1,Bip01 Head,-1,-3,0,-0.05,1
95,buffclassfernando,Bip01 Head,0,0.9,0,0,1,Bip01 Spine2,1,-2,0,0,1,Bip01 Pelvis,1,0.5,0,0,1,Bip01 Head,-1.3,1.25,0,-0.05,1,Bip01 Head,-1.2,1.15,0,-0.26,1,Bip01 Head,-1,1.5,0,0,1,Bip01 Head,-1.88,0,0,-0.26,1,Bip01 L UpperArm,-0.2,-0.4,0.3,0.01,1,Bip01 Head,-1.4,1.3,0,0,1,Bip01 Pelvis,1.8,0,-2,0,1,Bip01 Head,-1.1,1.6,0,0,1,Bip01 Head,-0.8,1.6,0,0,1,Bip01 Head,0.5,0.9,0,0,1,Bip01 Head,0.5,0.9,0,0,1,Bip01 Head,-0.7,1.7,0,0,1,Bip01 Head,-2,0,0,0,1.1
96,buffclassblair,Bip01 Head,2,-2,0,0,1,Bip01 Spine2,2,-4,0,0,1,Bip01 Pelvis,0,0,0,0,1,Bip01 Head,-1.3,-1.3,0,-0.3,1,Bip01 Head,-0.1,-1,0,-0.1,1,Bip01 Head,-1.4,-0.8,0,-0.3,1,Bip01 Head,-0.235,-0.9,0,-0.1,1,Bip01 L UpperArm,0.1,-0.4,-0.2,0.01,0.6,Bip01 Head,-0.5,-1.5,0,-0.1,1,Bip01 Pelvis,1.6,0,-2,0,1,Bip01 Head,-0.5,-1.8,0,-0.1,1,Bip01 Head,-1.3,-1.3,0,-0.3,1,Bip01 Head,-0.5,-1.8,0,-0.1,1,Bip01 Head,2,-2,0,0,1,Bip01 Head,1.5,-2.5,0,0,1,Bip01 Head,-1.3,-3,0,-0.05,1
97,buffclassphoenix,Bip01 Head,1,-1.2,0,-0.05,1.5,Bip01 Spine2,0,-4,0,0,1,Bip01 Pelvis,0,0,0,0,1,Bip01 Head,-1.3,-1.3,0,-0.3,1,Bip01 Head,-0.1,-1,0,-0.1,1,Bip01 Head,-1.4,-0.8,0,-0.3,1,Bip01 Head,-0.235,-0.9,0,-0.1,1,Bip01 L UpperArm,0.1,-0.4,-0.2,0.01,0.6,Bip01 Head,-1.5,-1,0,-0.1,1,Bip01 Pelvis,1.6,0,-2,0,1,Bip01 Head,-0.5,-1.8,0,-0.1,1,Bip01 Head,-1.7,0,0,-0.3,1,Bip01 Head,-0.7,-1,0,-0.1,1,Bip01 Head,1.5,-1.6,0,0,1,Bip01 Head,0.5,-1.6,0,0,1,Bip01 Head,-1.3,-2,0,0,1
98,19s1marinegirl,Bip01 Head,1,-2.5,0,0,1,Bip01 Spine2,2,-2.8,0,0,1,Bip01 Pelvis,0,0,0,0,1,Bip01 Head,-1.7,-1,0,-0.3,1,Bip01 Head,-0.235,-0.9,0,-0.1,1,Bip01 Head,-1.2,-0.9,0,-0.2,1,Bip01 Head,-0.235,-0.9,0,-0.1,1,Bip01 L UpperArm,0.2,-0.4,-0.2,0.01,0.68,Bip01 Head,0,-2.3,0,0,1,Bip01 Pelvis,1.6,0,-2,0,1,Bip01 Head,0.3,-0.5,0,0.1,1,Bip01 Head,-1.7,-1,0,-0.3,1,Bip01 Head,1,-2,0,0,1,Bip01 Head,1,-2.5,0,0,1,Bip01 Head,1,-2.5,0,0,1,Bip01 Head,-1.3,-3,0,-0.05,1
99,19s1pirategirl,Bip01 Head,2,-2.5,0,-0.05,1,Bip01 Spine2,2,-4,0,0,1,Bip01 Pelvis,0,0,0,0,1,Bip01 Head,-1.5,-0.8,0,-0.3,1,Bip01 Head,-0.215,-0.9,0,-0.1,1,Bip01 Head,-1.5,-0.2,0,-0.4,1,Bip01 Head,-0.235,-0.9,0,-0.1,1,Bip01 L UpperArm,0.1,-0.4,-0.2,0.01,0.6,Bip01 Head,-1.2,-0.8,0,-0.3,1,Bip01 Pelvis,1.6,0,-2,0,1,Bip01 Head,-1.2,-0.8,0,-0.3,1,Bip01 Head,-1.5,-0.8,0,-0.3,1,Bip01 Head,-1.2,-0.8,0,-0.3,1,Bip01 Head,2,-2.5,0,-0.05,1,Bip01 Head,2,-2.5,0,-0.05,1,Bip01 Head,0,-4,0,-0.05,1
100,buffclass19s1tr,Bip01 Head,1,2.2,0,0,1,Bip01 Spine2,0,0,0,0,1,Bip01 Pelvis,0,0,0,0,1,Bip01 Head,-1.2,0.5,0,-0.1,1,Bip01 Head,-0.235,-0.15,0,-0.09,1,Bip01 Head,-0.4,-0.1,0,-0.1,1,Bip01 Head,-0.235,-0.15,0,-0.1,1,Bip01 L UpperArm,0.05,0,0.2,0.01,1.07,Bip01 Head,0,1,0,-0.1,1,Bip01 Pelvis,1.6,0,-2,0,1,Bip01 Head,-1.2,0.9,0,-0.1,1,Bip01 Head,0,1,0,-0.1,1,Bip01 Head,0,0.9,0,-0.1,1,Bip01 Head,2,2.2,0,0,1,Bip01 Head,2,0.9,0,0,1,Bip01 Head,-1,0.9,0,0,1
101,buffclass19s1ct,Bip01 Head,2,-2,0,-0.05,1,Bip01 Spine2,2,-4,0,0,1,Bip01 Pelvis,0,0,0,0,0.5,Bip01 Head,-1.73,-0.8,0,-0.4,1,Bip01 Head,0.18,-1,0,-0.1,0.5,Bip01 Head,-1.2,-0.8,0,-0.3,1,Bip01 Head,-0.235,-0.9,0,-0.1,1,Bip01 L UpperArm,0.34,-0.4,-0.2,0.01,0.66,Bip01 Head,-0.6,-2,0,-0.1,1,Bip01 Pelvis,1.6,0,-2,0,0.5,Bip01 Head,-0.6,-2,0,-0.1,1,Bip01 Head,-1.73,-0.6,0,-0.4,1,Bip01 Head,0,-1.5,0,-0.1,1,Bip01 Head,2,-2,0,-0.05,1,Bip01 Head,0.2,-1,0,-0.05,1,Bip01 Head,-0.5,-4,0,-0.05,1
102,y19s2black,Bip01 Head,1,0.5,0,0,1,Bip01 Spine2,0,0,0,0,1,Bip01 Pelvis,0,0,0,0,1,Bip01 Head,-1.7,0,0,-0.1,1,Bip01 Head,-0.335,-0.05,0,-0.075,1,Bip01 Head,-1.5,-0.4,0,0,1,Bip01 Head,-0.235,-0.15,0,-0.1,1,Bip01 L UpperArm,1.1,-0.4,0.3,0.01,1.1,Bip01 Head,-1.2,0.6,0,-0.1,1,Bip01 Pelvis,0,0,-2,0,1,Bip01 Head,-1.7,0.35,0,-0.1,1,Bip01 Head,-1.7,0,0,-0.1,1,Bip01 Head,-1.2,0.2,0,-0.1,1,Bip01 Head,1,0.5,0,0,1,Bip01 Head,1,0.5,0,0,1,Bip01 Head,-2,-1.5,0,0,1
103,y19s2gerrard,Bip01 Head,0,0.3,0,0,1,Bip01 Spine2,0,0,0,0,1,Bip01 Pelvis,0,0,0,0,1,Bip01 Head,-1.5,0,0,-0.1,1,Bip01 Head,-0.235,-0.15,0,-0.075,1,Bip01 Head,-1.8,-0.1,0,-0.1,1,Bip01 Head,-0.235,-0.15,0,-0.1,1,Bip01 L UpperArm,0.15,-0.5,0.2,0.01,1.1,Bip01 Head,-1.2,0.8,0,-0.1,1,Bip01 Pelvis,0,0,-2,0,1,Bip01 Head,-1.5,0,0,-0.1,1,Bip01 Head,-1.5,0,0,-0.1,1,Bip01 Head,-1.5,0,0,-0.1,1,Bip01 Head,1,0.3,0,0,1,Bip01 Head,1,0.3,0,0,1,Bip01 Head,-2,-1.5,0,0,1
104,buffclass19s2tr,Bip01 Head,1,-1.2,0,-0.05,1.5,Bip01 Spine2,2,-4,0,0,1,Bip01 Pelvis,0,0,0,0,1,Bip01 Head,-1.5,-0.8,0,-0.3,1,Bip01 Head,-0.215,-0.9,0,-0.1,1,Bip01 Head,-1.5,-0.2,0,-0.4,1,Bip01 Head,-0.235,-0.9,0,-0.1,1,Bip01 L UpperArm,0.1,-0.4,-0.2,0.01,0.6,Bip01 Head,-1.2,-0.8,0,-0.3,1,Bip01 Pelvis,1.6,0,-2,0,1,Bip01 Head,-1.2,-0.8,0,-0.3,1,Bip01 Head,-1.5,-0.8,0,-0.3,1,Bip01 Head,-1.2,-0.8,0,-0.3,1,Bip01 Head,2,-2.5,0,-0.05,1,Bip01 Head,1.3,-2.5,0,-0.05,1,Bip01 Head,-1.3,-3,0,-0.05,1.1
105,buffclass19s2ct,Bip01 Head,0,0.3,0,0,1,Bip01 Spine2,0,0,0,0,1,Bip01 Pelvis,0,0,0,0,1,Bip01 Head,-1.5,0,0,-0.1,1,Bip01 Head,-0.235,-0.15,0,-0.075,1,Bip01 Head,-1.8,-0.1,0,-0.1,1,Bip01 Head,-0.235,-0.15,0,-0.1,1,Bip01 L UpperArm,0.15,-0.5,0.2,0.01,1.1,Bip01 Head,-1.2,1,0,-0.1,1,Bip01 Pelvis,0,0,-2,0,1,Bip01 Head,-1.5,0,0,-0.1,1,Bip01 Head,-1.5,0.5,0,-0.1,1,Bip01 Head,-1.5,0,0,-0.1,1,Bip01 Head,2,0.3,0,0,1,Bip01 Head,-0.9,1.5,0,0,1,Bip01 Head,-2,-1.5,0,0,1
106,y19s3alin,Bip01 Head,2,-2,0,-0.05,1,Bip01 Spine2,2,-4,0,0,1,Bip01 Pelvis,0,0,0,0,0.5,Bip01 Head,-1.73,-0.8,0,-0.4,1,Bip01 Head,0.18,-1,0,-0.1,0.5,Bip01 Head,-1.2,-0.8,0,-0.3,1,Bip01 Head,-0.235,-0.9,0,-0.1,1,Bip01 L UpperArm,0.34,-0.4,-0.2,0.01,0.66,Bip01 Head,-0.6,-2,0,-0.1,1,Bip01 Pelvis,1.6,0,-2,0,0.5,Bip01 Head,-0.6,-2,0,-0.1,1,Bip01 Head,-1.73,-0.6,0,-0.4,1,Bip01 Head,-0.3,-0.78,0,-0.2,1,Bip01 Head,2,-2,0,-0.05,1,Bip01 Head,2,-2,0,-0.05,1,Bip01 Head,-1,-3,0,-0.05,1
107,y19s3dominique,Bip01 Head,0,0,0,0,1,Bip01 Spine2,0,0,0,0,1,Bip01 Pelvis,0.8,0,0,0,5,Bip01 Head,-1.2,0,0,-0.05,1,Bip01 Head,-0.235,-0.15,0,-0.09,5,Bip01 Head,-1.5,1,0,-0.1,1,Bip01 Head,-0.235,-0.15,0,-0.1,1,Bip01 L UpperArm,0.2,0,0.9,0.01,1.15,Bip01 Head,-0.5,0.6,0,0,1,Bip01 Pelvis,1.6,0,0,0,0,Bip01 Head,-0.5,0.6,0,0,1,Bip01 Head,-1.65,0.8,0,-0.05,1,Bip01 Head,-0.5,0.6,0,0,1,Bip01 Head,0.5,0.5,0,0,1,Bip01 Head,0,1.6,0,0,1,Bip01 Head,-1.5,-1.4,0,0,1
108,buffclass19s3tr,Bip01 Head,1,-0.6,0,0,1.5,Bip01 Spine2,2,-2.8,0,0,1,Bip01 Pelvis,0,0,0,0,1,Bip01 Head,-1.2,-1,0,-0.3,1,Bip01 Head,-0.235,-0.9,0,-0.1,1,Bip01 Head,0.5,-0.9,0,-0.2,1.3,Bip01 Head,-0.235,-0.9,0,-0.1,1,Bip01 L UpperArm,0.2,-0.4,-0.2,0.01,0.68,Bip01 Head,0,-2.3,0,0,1,Bip01 Pelvis,1.6,0,-2,0,1,Bip01 Head,0.3,-0.5,0,0.1,1,Bip01 Head,-1.7,-1,0,-0.3,1,Bip01 Head,1,-2,0,0,1,Bip01 Head,1.6,-2.2,0,0,1.1,Bip01 Head,1.6,-2.2,0,0,1.1,Bip01 Head,0,-3,0,0,1.1
109,buffclass19s3ct,Bip01 Head,1,-0.6,0,0,1.5,Bip01 Spine2,2,-2.8,0,0,1,Bip01 Pelvis,0,0,0,0,1,Bip01 Head,-1.2,-1,0,-0.3,1,Bip01 Head,-0.235,-0.9,0,-0.1,1,Bip01 Head,0.5,-0.9,0,-0.2,1.3,Bip01 Head,-0.235,-0.9,0,-0.1,1,Bip01 L UpperArm,0.2,-0.4,-0.2,0.01,0.68,Bip01 Head,0,-2.3,0,0,1,Bip01 Pelvis,1.6,0,-2,0,1,Bip01 Head,0.3,-0.5,0,0.1,1,Bip01 Head,-1.7,-1,0,-0.3,1,Bip01 Head,1,-2,0,0,1,Bip01 Head,1.5,-2.5,0,0,1.1,Bip01 Head,1.5,-2.5,0,0,1.1,Bip01 Head,0,-3,0,-0.05,1.1
110,y19s4henry,Bip01 Head,0,0.9,0,0,1,Bip01 Spine2,1,-2,0,0,1,Bip01 Pelvis,1,0.5,0,0,1,Bip01 Head,-1.3,1.25,0,-0.05,1,Bip01 Head,-1.2,1.15,0,-0.26,1,Bip01 Head,-1,1.5,0,0,1,Bip01 Head,-1.88,0,0,-0.26,1,Bip01 L UpperArm,-0.2,-0.4,0.3,0.01,1,Bip01 Head,-0.5,1,0,0,1,Bip01 Pelvis,1.8,0,-2,0,1,Bip01 Head,-1.1,1.6,0,0,1,Bip01 Head,-0.8,1.6,0,0,1,Bip01 Head,0.5,0.9,0,0,1,Bip01 Head,0.5,0.9,0,0,1,Bip01 Head,-0.5,1,0,0,1,Bip01 Head,-1.5,-1.4,0,0,1
111,y19s4ritsuka,Bip01 Head,1,-1.2,0,-0.05,1.5,Bip01 Spine2,2,-4,0,0,1,Bip01 Pelvis,0,0,0,0,0.5,Bip01 Head,-1.73,-0.8,0,-0.4,1,Bip01 Head,0.18,-1,0,-0.1,0.5,Bip01 Head,-1.2,-0.8,0,-0.3,1,Bip01 Head,-0.235,-0.9,0,-0.1,1,Bip01 L UpperArm,0.34,-0.4,-0.2,0.01,0.66,Bip01 Head,-0.6,-2,0,-0.1,1,Bip01 Pelvis,1.6,0,-2,0,0.5,Bip01 Head,-0.4,-2,0,-0.1,1,Bip01 Head,-1.73,-0.6,0,-0.4,1,Bip01 Head,0,-1.5,0,-0.1,1,Bip01 Head,2,-2.5,0,-0.05,1,Bip01 Head,1,-2.5,0,-0.05,1,Bip01 Head,-0.5,-3,0,-0.05,1
112,buffclass19s4tr,Bip01 Head,1,-1.2,0,-0.05,1.5,Bip01 Spine2,2,-2.8,0,0,1,Bip01 Pelvis,0,0,0,0,1,Bip01 Head,-1.2,-1,0,-0.3,1,Bip01 Head,-0.235,-0.9,0,-0.1,1,Bip01 Head,-1.5,-0.2,0,-0.4,1.3,Bip01 Head,-0.235,-0.9,0,-0.1,1,Bip01 L UpperArm,0.2,-0.4,-0.2,0.01,0.68,Bip01 Head,-0.7,-2.3,0,0,1,Bip01 Pelvis,1.6,0,-2,0,1,Bip01 Head,0.3,-1.7,0,0.1,1,Bip01 Head,-1.7,-1,0,-0.3,1,Bip01 Head,-0.7,-1,0,0,1,Bip01 Head,1.6,-2.2,0,0,1.1,Bip01 Head,1,-2.2,0,0,1.1,Bip01 Head,-1.3,-3,0,-0.05,1.1
113,buffclass19s4ct,Bip01 Head,0,0.9,0,0,1,Bip01 Spine2,1,-2,0,0,1,Bip01 Pelvis,1,0.5,0,0,1,Bip01 Head,-1.3,1.25,0,-0.05,1,Bip01 Head,-1.2,1.15,0,-0.26,1,Bip01 Head,-1,1.5,0,0,1,Bip01 Head,-1.88,0,0,-0.26,1,Bip01 L UpperArm,-0.2,-0.4,0.3,0.01,1,Bip01 Head,-1.2,1,0,0,1,Bip01 Pelvis,1.8,0,-2,0,1,Bip01 Head,-1.1,1.6,0,0,1,Bip01 Head,-0.8,1.6,0,0,1,Bip01 Head,0.5,0.9,0,0,1,Bip01 Head,0.5,0.9,0,0,1,Bip01 Head,0,1.8,0,0,1,Bip01 Head,-1.3,-1,0,0,1.2
114,y20s1leechang,Bip01 Head,-0.4,1.4,0,0,1,Bip01 Spine2,-1,0,0,0,1,Bip01 Pelvis,0,0,0,0,1,Bip01 Head,-1.25,-0.6,0,-0.05,1,Bip01 Head,-0.185,-0.4,0,0.1,1,Bip01 Head,-1,-0.2,0,0,1,Bip01 Head,-1.88,0,0,-0.26,1,Bip01 L UpperArm,0.34,-0.4,0.5,-0.08,1,Bip01 Head,-1.1,1,0,0,1,Bip01 Pelvis,1.6,0,-2,0,1,Bip01 Head,-1.1,0.25,0,0,1,Bip01 Head,-1.3,1.1,0,0.025,1,Bip01 Head,0,0.25,0,0,1,Bip01 Head,2,0.5,0,0,1,Bip01 Head,-0.5,1.7,0,0,1,Bip01 Head,-2,-1,0,0,1.2
115,y20s1yeongsin,Bip01 Head,-0.2,1.4,0,0,1.2,Bip01 Spine2,0,0,0,0,1,Bip01 Pelvis,0,0,0,0,1,Bip01 Head,0.3,0.2,0,0.025,1,Bip01 Head,-0.5,-0.15,0,-0.1,1,Bip01 Head,-0.2,0.3,0,0,1,Bip01 Head,-0.235,-0.15,0,-0.1,1,Bip01 L UpperArm,0.15,-0.2,0.4,0.01,1.08,Bip01 Head,0,0.5,0,0.025,1,Bip01 Pelvis,-3.5,0,-1.5,0,1,Bip01 Head,0,0.5,0,0.025,1,Bip01 Head,-0.8,1.3,0,0.025,1,Bip01 Head,0,0.5,0,0.025,1,Bip01 Head,1,0.5,0,0,1.2,Bip01 Head,0,2,0,0,1.2,Bip01 Head,-2,0,0,0,1.2
116,buffclass20s2tr,Bip01 Head,1,-1.2,0,-0.05,1.5,Bip01 Spine2,2,-4,0,0,1,Bip01 Pelvis,0,0,0,0,0.5,Bip01 Head,-1.73,-0.8,0,-0.4,1,Bip01 Head,0.18,-1,0,-0.1,0.5,Bip01 Head,-1.2,-0.8,0,-0.3,1,Bip01 Head,-0.235,-0.9,0,-0.1,1,Bip01 L UpperArm,0.34,-0.4,-0.2,0.01,0.66,Bip01 Head,-0.6,-2,0,-0.1,1,Bip01 Pelvis,1.6,0,-2,0,0.5,Bip01 Head,-0.6,-2,0,-0.1,1,Bip01 Head,-1.73,-0.6,0,-0.4,1,Bip01 Head,0,-1.5,0,-0.1,1,Bip01 Head,2,-2,0,-0.05,1,Bip01 Head,0.2,-1.5,0,-0.05,1,Bip01 Head,-0.5,-4,0,-0.05,1
117,buffclass20s2ct,Bip01 Head,0,0.9,0,0,1,Bip01 Spine2,1,-2,0,0,1,Bip01 Pelvis,1,0.5,0,0,1,Bip01 Head,-1.3,1.25,0,-0.05,1,Bip01 Head,-1.2,1.15,0,-0.26,1,Bip01 Head,-1,1.5,0,0,1,Bip01 Head,-1.88,0,0,-0.26,1,Bip01 L UpperArm,0.34,-0.4,0.5,-0.08,1,Bip01 Head,-1.4,1.3,0,0,1,Bip01 Pelvis,1.8,0,-2,0,1,Bip01 Head,0,1.6,0,0,1,Bip01 Head,-0.8,1.6,0,0,1,Bip01 Head,0.5,0.9,0,0,1,Bip01 Head,0.5,0.9,0,0,1,Bip01 Head,-0.7,1.7,0,0,1,Bip01 Head,-2,0,0,0,1.1
118,buffclass20s3tr,Bip01 Head,0,0.9,0,0,1,Bip01 Spine2,1,-2,0,0,1,Bip01 Pelvis,1,0.5,0,0,1,Bip01 Head,-1.3,1.25,0,-0.05,1,Bip01 Head,-1.2,1.15,0,-0.26,1,Bip01 Head,-1,1.5,0,0,1,Bip01 Head,-1.88,0,0,-0.26,1,Bip01 L UpperArm,0.34,-0.4,0.5,-0.08,1,Bip01 Head,-1.4,1.3,0,0,1,Bip01 Pelvis,1.8,0,-2,0,1,Bip01 Head,0,1.6,0,0,1,Bip01 Head,-0.8,1.6,0,0,1,Bip01 Head,0.5,0.9,0,0,1,Bip01 Head,0.5,0.9,0,0,1,Bip01 Head,-0.7,1.7,0,0,1,Bip01 Head,-2,0,0,0,1.1
119,buffclass20s3ct,Bip01 Head,1,-1.2,0,-0.05,1.5,Bip01 Spine2,2,-4,0,0,1,Bip01 Pelvis,0,0,0,0,0.5,Bip01 Head,-1.73,-0.8,0,-0.4,1,Bip01 Head,0.18,-1,0,-0.1,0.5,Bip01 Head,-1.2,-0.8,0,-0.3,1,Bip01 Head,-0.235,-0.9,0,-0.1,1,Bip01 L UpperArm,0.34,-0.4,-0.2,0.01,0.66,Bip01 Head,-0.6,-2,0,-0.1,1,Bip01 Pelvis,1.6,0,-2,0,0.5,Bip01 Head,-0.6,-2,0,-0.1,1,Bip01 Head,-1.73,-0.6,0,-0.4,1,Bip01 Head,0,-1.5,0,-0.1,1,Bip01 Head,2,-2,0,-0.05,1,Bip01 Head,0.2,-1.5,0,-0.05,1,Bip01 Head,-0.5,-4.5,0,-0.05,1
1000,zombie_normal,Bip01 Head,0,0,0,0,1,Bip01 Spine2,5,-18,-22,0.8,1,Bip01 Spine2,0,0,0,0,1,Bip01 Head,-0.7,-0.8,0,-0.05,1,Bip01 Head,-0.1,-0.75,0,0.1,1,Bip01 Head,-0.38,-1,0,0,1,Bip01 Head,-2.1,0,0,-0.26,1,Bip01 L UpperArm,0.15,-0.2,0.4,0.01,1,Bip01 Head,-0.7,-0.8,0,-0.05,1,Bip01 Pelvis,1.6,0,-2,0,1,Bip01 Head,-0.7,-0.8,0,-0.05,1,Bip01 Head,-0.3,-0.8,0,-0.05,1,Bip01 Head,-0.7,-0.8,0,-0.05,1,Bip01 Head,0,0,0,0,1,Bip01 Head,0,0,0,0,1,Bip01 Head,0,0,0,0,1
1001,zombie_speed,Bip01 Head,0,0,0,0,1,Bip01 Spine2,0,-18,-22,0.4,1,Bip01 Spine2,0,-5,0,0,1,Bip01 Head,-0.7,-0.8,0,-0.05,1,Bip01 Head,-0.1,-0.75,0,0.1,1,Bip01 Head,-0.38,-1,0,0,1,Bip01 Head,-2.1,0,0,-0.26,1,Bip01 L UpperArm,0.15,-0.2,0.4,0.01,1,Bip01 Head,-0.7,-0.8,0,-0.05,1,Bip01 Pelvis,1.6,0,-2,0,1,Bip01 Head,-0.7,-0.8,0,-0.05,1,Bip01 Head,-0.3,-0.8,0,-0.05,1,Bip01 Head,-0.7,-0.8,0,-0.05,1,Bip01 Head,0,0,0,0,1,Bip01 Head,0,0,0,0,1,Bip01 Head,0,0,0,0,1
1002,zombie_heavy,Bip01 Head,0,0,0,0,1,Bip01 Spine2,-18,-18,-22,0,1,Bip01 Spine2,0,5,0,0,1,Bip01 Head,-0.7,-0.8,0,-0.05,1,Bip01 Head,-0.1,-0.75,0,0.1,1,Bip01 Head,-0.38,-1,0,0,1,Bip01 Head,-2.1,0,0,-0.26,1,Bip01 L UpperArm,0.15,-0.2,0.4,0.01,1,Bip01 Head,-0.7,-0.8,0,-0.05,1,Bip01 Pelvis,1.6,0,-2,0,1,Bip01 Head,-0.7,-0.8,0,-0.05,1,Bip01 Head,-0.3,-0.8,0,-0.05,1,Bip01 Head,-0.7,-0.8,0,-0.05,1,Bip01 Head,0,0,0,0,1,Bip01 Head,0,0,0,0,1,Bip01 Head,0,0,0,0,1
1003,zombie_pc,Bip01 Head,0,0,0,0,1,Bip01 Spine2,-7,-18,-22,0.15,1,Bip01 Spine2,0,-5,0,0,1,Bip01 Head,-0.7,-0.8,0,-0.05,1,Bip01 Head,-0.1,-0.75,0,0.1,1,Bip01 Head,-0.38,-1,0,0,1,Bip01 Head,-2.1,0,0,-0.26,1,Bip01 L UpperArm,0.15,-0.2,0.4,0.01,1,Bip01 Head,-0.7,-0.8,0,-0.05,1,Bip01 Pelvis,1.6,0,-2,0,1,Bip01 Head,-0.7,-0.8,0,-0.05,1,Bip01 Head,-0.3,-0.8,0,-0.05,1,Bip01 Head,-0.7,-0.8,0,-0.05,1,Bip01 Head,0,0,0,0,1,Bip01 Head,0,0,0,0,1,Bip01 Head,0,0,0,0,1
1004,zombie_heal,Bip01 Head,0,0,0,0,1,Bip01 Spine2,-5,-18,-22,0.2,1,Bip01 Spine2,0,-5,0,0,1,Bip01 Head,-0.7,-0.8,0,-0.05,1,Bip01 Head,-0.1,-0.75,0,0.1,1,Bip01 Head,-0.38,-1,0,0,1,Bip01 Head,-2.1,0,0,-0.26,1,Bip01 L UpperArm,0.15,-0.2,0.4,0.01,1,Bip01 Head,-0.7,-0.8,0,-0.05,1,Bip01 Pelvis,1.6,0,-2,0,1,Bip01 Head,-0.7,-0.8,0,-0.05,1,Bip01 Head,-0.3,-0.8,0,-0.05,1,Bip01 Head,-0.7,-0.8,0,-0.05,1,Bip01 Head,0,0,0,0,1,Bip01 Head,0,0,0,0,1,Bip01 Head,0,0,0,0,1
1005,zombie_deimos,Bip01 Head,0,0,0,0,1,Bip01 Spine02,-15,-18,-22,0,1,Bip01 Spine02,0,0,0,0,1,Bip01 Head,-0.7,-0.8,0,-0.05,1,Bip01 Head,-0.1,-0.75,0,0.1,1,Bip01 Head,-0.38,-1,0,0,1,Bip01 Head,-2.1,0,0,-0.26,1,Bip01 L UpperArm,0.15,-0.2,0.4,0.01,1,Bip01 Head,-0.7,-0.8,0,-0.05,1,Bip01 Pelvis,1.6,0,-2,0,1,Bip01 Head,-0.7,-0.8,0,-0.05,1,Bip01 Head,-0.3,-0.8,0,-0.05,1,Bip01 Head,-0.7,-0.8,0,-0.05,1,Bip01 Head,0,0,0,0,1,Bip01 Head,0,0,0,0,1,Bip01 Head,0,0,0,0,1
1006,zombie_deimos2,Bip01 Head,0,0,0,0,1,Bip01 Spine02,-15,-18,-22,0,1,Bip01 Spine02,0,0,0,0,1,Bip01 Head,-0.7,-0.8,0,-0.05,1,Bip01 Head,-0.1,-0.75,0,0.1,1,Bip01 Head,-0.38,-1,0,0,1,Bip01 Head,-2.1,0,0,-0.26,1,Bip01 L UpperArm,0.15,-0.2,0.4,0.01,1,Bip01 Head,-0.7,-0.8,0,-0.05,1,Bip01 Pelvis,1.6,0,-2,0,1,Bip01 Head,-0.7,-0.8,0,-0.05,1,Bip01 Head,-0.3,-0.8,0,-0.05,1,Bip01 Head,-0.7,-0.8,0,-0.05,1,Bip01 Head,0,0,0,0,1,Bip01 Head,0,0,0,0,1,Bip01 Head,0,0,0,0,1
1007,zombie_undertaker,Bip01 Head,0,0,0,0,1,Bip01 Spine2,-8,-18,-22,0,1,Bip01 Spine2,0,0,0,0,1,Bip01 Head,-0.7,-0.8,0,-0.05,1,Bip01 Head,-0.1,-0.75,0,0.1,1,Bip01 Head,-0.38,-1,0,0,1,Bip01 Head,-2.1,0,0,-0.26,1,Bip01 L UpperArm,0.15,-0.2,0.4,0.01,1,Bip01 Head,-0.7,-0.8,0,-0.05,1,Bip01 Pelvis,1.6,0,-2,0,1,Bip01 Head,-0.7,-0.8,0,-0.05,1,Bip01 Head,-0.3,-0.8,0,-0.05,1,Bip01 Head,-0.7,-0.8,0,-0.05,1,Bip01 Head,0,0,0,0,1,Bip01 Head,0,0,0,0,1,Bip01 Head,0,0,0,0,1
1008,zombie_witch,Bip01 Head,0,0,0,0,1,Bip01 Spine2,-10,-18,-22,-0.05,1,Bip01 Spine2,0,0,0,0,1,Bip01 Head,-0.7,-0.8,0,-0.05,1,Bip01 Head,-0.1,-0.75,0,0.1,1,Bip01 Head,-0.38,-1,0,0,1,Bip01 Head,-2.1,0,0,-0.26,1,Bip01 L UpperArm,0.15,-0.2,0.4,0.01,1,Bip01 Head,-0.7,-0.8,0,-0.05,1,Bip01 Pelvis,1.6,0,-2,0,1,Bip01 Head,-0.7,-0.8,0,-0.05,1,Bip01 Head,-0.3,-0.8,0,-0.05,1,Bip01 Head,-0.7,-0.8,0,-0.05,1,Bip01 Head,0,0,0,0,1,Bip01 Head,0,0,0,0,1,Bip01 Head,0,0,0,0,1
1009,zombie_china,Bip01 Head,0,0,0,0,1,Bip01 Spine2,-10,-18,-22,0,1,Bip01 Spine2,0,0,0,0,1,Bip01 Head,-0.7,-0.8,0,-0.05,1,Bip01 Head,-0.1,-0.75,0,0.1,1,Bip01 Head,-0.38,-1,0,0,1,Bip01 Head,-2.1,0,0,-0.26,1,Bip01 L UpperArm,0.15,-0.2,0.4,0.01,1,Bip01 Head,-0.7,-0.8,0,-0.05,1,Bip01 Pelvis,1.6,0,-2,0,1,Bip01 Head,-0.7,-0.8,0,-0.05,1,Bip01 Head,-0.3,-0.8,0,-0.05,1,Bip01 Head,-0.7,-0.8,0,-0.05,1,Bip01 Head,0,0,0,0,1,Bip01 Head,0,0,0,0,1,Bip01 Head,0,0,0,0,1
1010,zombie_boomer,Bip01 Head,0,0,0,0,1,Bip01 Spine2,-5,-18,-22,0,1,Bip01 Spine2,10,5,-3,0,1,Bip01 Head,-0.7,-0.8,0,-0.05,1,Bip01 Head,-0.1,-0.75,0,0.1,1,Bip01 Head,-0.38,-1,0,0,1,Bip01 Head,-2.1,0,0,-0.26,1,Bip01 L UpperArm,0.15,-0.2,0.4,0.01,1,Bip01 Head,-0.7,-0.8,0,-0.05,1,Bip01 Pelvis,1.6,0,-2,0,1,Bip01 Head,-0.7,-0.8,0,-0.05,1,Bip01 Head,-0.3,-0.8,0,-0.05,1,Bip01 Head,-0.7,-0.8,0,-0.05,1,Bip01 Head,0,0,0,0,1,Bip01 Head,0,0,0,0,1,Bip01 Head,0,0,0,0,1
1011,zombie_resident,Bip01 Head,0,0,0,0,1,Bip01 Spine2,-8,-18,-22,0.15,1,Bip01 Spine2,0,0,0,0,1,Bip01 Head,-0.7,-0.8,0,-0.05,1,Bip01 Head,-0.1,-0.75,0,0.1,1,Bip01 Head,-0.38,-1,0,0,1,Bip01 Head,-2.1,0,0,-0.26,1,Bip01 L UpperArm,0.15,-0.2,0.4,0.01,1,Bip01 Head,-0.7,-0.8,0,-0.05,1,Bip01 Pelvis,1.6,0,-2,0,1,Bip01 Head,-0.7,-0.8,0,-0.05,1,Bip01 Head,-0.3,-0.8,0,-0.05,1,Bip01 Head,-0.7,-0.8,0,-0.05,1,Bip01 Head,0,0,0,0,1,Bip01 Head,0,0,0,0,1,Bip01 Head,0,0,0,0,1
1012,zombie_revival,Bip01 Head,0,0,0,0,1,Bip01 Spine02,-5,-18,-22,0,1,Bip01 Spine02,0,0,0,0,1,Bip01 Head,-0.7,-0.8,0,-0.05,1,Bip01 Head,-0.1,-0.75,0,0.1,1,Bip01 Head,-0.38,-1,0,0,1,Bip01 Head,-2.1,0,0,-0.26,1,Bip01 L UpperArm,0.15,-0.2,0.4,0.01,1,Bip01 Head,-0.7,-0.8,0,-0.05,1,Bip01 Pelvis,1.6,0,-2,0,1,Bip01 Head,-0.7,-0.8,0,-0.05,1,Bip01 Head,-0.3,-0.8,0,-0.05,1,Bip01 Head,-0.7,-0.8,0,-0.05,1,Bip01 Head,0,0,0,0,1,Bip01 Head,0,0,0,0,1,Bip01 Head,0,0,0,0,1
1013,zombie_teleport,Bip01 Head,0,0,0,0,1,Bip01 Spine2,-5,-18,-22,0,1,Bip01 Spine2,0,0,0,0,1,Bip01 Head,-0.7,-0.8,0,-0.05,1,Bip01 Head,-0.1,-0.75,0,0.1,1,Bip01 Head,-0.38,-1,0,0,1,Bip01 Head,-2.1,0,0,-0.26,1,Bip01 L UpperArm,0.15,-0.2,0.4,0.01,1,Bip01 Head,-0.7,-0.8,0,-0.05,1,Bip01 Pelvis,1.6,0,-2,0,1,Bip01 Head,-0.7,-0.8,0,-0.05,1,Bip01 Head,-0.3,-0.8,0,-0.05,1,Bip01 Head,-0.7,-0.8,0,-0.05,1,Bip01 Head,0,0,0,0,1,Bip01 Head,0,0,0,0,1,Bip01 Head,0,0,0,0,1
1014,zombie_pbooster,Bip01 Head,0,0,0,0,1,Bip01 Spine2,-5,-18,-22,0.2,1,Bip01 Spine2,0,-5,0,0,1,Bip01 Head,-0.7,-0.8,0,-0.05,1,Bip01 Head,-0.1,-0.75,0,0.1,1,Bip01 Head,-0.38,-1,0,0,1,Bip01 Head,-2.1,0,0,-0.26,1,Bip01 L UpperArm,0.15,-0.2,0.4,0.01,1,Bip01 Head,-0.7,-0.8,0,-0.05,1,Bip01 Pelvis,1.6,0,-2,0,1,Bip01 Head,-0.7,-0.8,0,-0.05,1,Bip01 Head,-0.3,-0.8,0,-0.05,1,Bip01 Head,-0.7,-0.8,0,-0.05,1,Bip01 Head,0,0,0,0,1,Bip01 Head,0,0,0,0,1,Bip01 Head,0,0,0,0,1
1015,zombie_pass,Bip01 Head,0,0,0,0,1,Bip01 Spine1,-5,-18,-22,0.4,1,Bip01 Spine1,0,0,0,0,1,Bip01 Head,-0.7,-0.8,0,-0.05,1,Bip01 Head,-0.1,-0.75,0,0.1,1,Bip01 Head,-0.38,-1,0,0,1,Bip01 Head,-2.1,0,0,-0.26,1,Bip01 L UpperArm,0.15,-0.2,0.4,0.01,1,Bip01 Head,-0.7,-0.8,0,-0.05,1,Bip01 Pelvis,1.6,0,-2,0,1,Bip01 Head,-0.7,-0.8,0,-0.05,1,Bip01 Head,-0.3,-0.8,0,-0.05,1,Bip01 Head,-0.7,-0.8,0,-0.05,1,Bip01 Head,0,0,0,0,1,Bip01 Head,0,0,0,0,1,Bip01 Head,0,0,0,0,1
1016,zombie_flying,Bip01 Head,0,0,0,0,1,Bip01 Spine2,-5,-18,-22,0.3,1,Bip01 Spine2,0,0,0,0,1,Bip01 Head,-0.7,-0.8,0,-0.05,1,Bip01 Head,-0.1,-0.75,0,0.1,1,Bip01 Head,-0.38,-1,0,0,1,Bip01 Head,-2.1,0,0,-0.26,1,Bip01 L UpperArm,0.15,-0.2,0.4,0.01,1,Bip01 Head,-0.7,-0.8,0,-0.05,1,Bip01 Pelvis,1.6,0,-2,0,1,Bip01 Head,-0.7,-0.8,0,-0.05,1,Bip01 Head,-0.3,-0.8,0,-0.05,1,Bip01 Head,-0.7,-0.8,0,-0.05,1,Bip01 Head,0,0,0,0,1,Bip01 Head,0,0,0,0,1,Bip01 Head,0,0,0,0,1
